账户ID,风险等级,风险评分
5662,中风险,20.0
5660,中风险,20.0
1229,中风险,20.0
3386,中风险,20.0
8085,中风险,20.0
1247,中风险,20.0
10990,中风险,20.0
2422,高风险,40.0
7364,中风险,20.0
10067,中风险,20.0
5661,中风险,20.0
1233,中风险,20.0
8089,中风险,20.0
8087,中风险,20.0
10066,中风险,20.0
5659,中风险,20.0
10988,中风险,20.0
1242,中风险,20.0
5657,中风险,20.0
7372,中风险,20.0
5649,中风险,20.0
1239,中风险,20.0
3384,中风险,20.0
6968,中风险,20.0
3784,中风险,20.0
6963,中风险,20.0
1241,中风险,20.0
10068,中风险,20.0
3768,低风险,0.0
3780,中风险,20.0
3782,中风险,20.0
10989,中风险,20.0
5666,中风险,20.0
10059,低风险,28.0
5328,低风险,28.0
3382,中风险,20.0
10411,中风险,20.0
3773,中风险,20.0
10426,低风险,20.0
1230,中风险,20.0
8091,中风险,20.0
3388,中风险,20.0
8445,低风险,0.0
10055,中风险,20.0
7018,低风险,0.0
10978,低风险,0.0
3772,中风险,20.0
3378,中风险,20.0
8927,低风险,15.0
3778,低风险,15.0
3393,中风险,20.0
8753,高风险,40.0
2413,高风险,40.0
10064,低风险,0.0
10063,中风险,20.0
11038,中风险,20.0
9874,中风险,20.0
9870,中风险,20.0
3472,高风险,40.0
2971,中风险,20.0
93,中风险,20.0
7860,中风险,20.0
2969,中风险,20.0
89,中风险,20.0
9871,中风险,20.0
10549,中风险,20.0
7853,中风险,20.0
4625,高风险,40.0
10548,中风险,20.0
1521,中风险,20.0
6585,中风险,20.0
92,中风险,20.0
10553,低风险,10.0
1524,中风险,20.0
9873,中风险,20.0
7851,中风险,20.0
6588,中风险,20.0
6242,低风险,0.0
91,低风险,0.0
9861,中风险,20.0
10543,中风险,20.0
7859,中风险,20.0
6581,中风险,20.0
9875,中风险,20.0
6236,低风险,0.0
198,低风险,0.0
98,中风险,20.0
97,中风险,20.0
6571,中风险,20.0
113,高风险,40.0
6570,中风险,20.0
10546,中风险,20.0
87,中风险,20.0
4629,高风险,40.0
11040,中风险,20.0
1516,中风险,20.0
11032,中风险,20.0
11036,中风险,20.0
7857,中风险,20.0
4179,低风险,0.0
11039,中风险,20.0
6575,中风险,20.0
6243,中风险,20.0
1520,中风险,20.0
6229,中风险,20.0
185,中风险,20.0
189,中风险,20.0
6574,中风险,20.0
3158,低风险,0.0
8027,低风险,35.0
3971,低风险,0.0
6780,低风险,0.0
2497,低风险,10.0
3734,低风险,0.0
3613,低风险,10.0
6660,低风险,10.0
76,低风险,0.0
1967,低风险,0.0
8157,低风险,10.0
2062,低风险,35.0
9010,低风险,0.0
3324,低风险,20.0
7597,低风险,35.0
2341,低风险,35.0
8022,低风险,0.0
4371,低风险,35.0
9023,低风险,0.0
8193,低风险,20.0
3620,低风险,0.0
8597,低风险,0.0
11086,低风险,20.0
5404,低风险,0.0
153,低风险,0.0
7510,低风险,10.0
469,低风险,0.0
5725,低风险,20.0
5714,高风险,40.0
2994,低风险,10.0
4901,低风险,0.0
9470,低风险,0.0
464,低风险,18.0
2811,低风险,0.0
9790,低风险,20.0
8197,低风险,0.0
5123,低风险,0.0
5400,低风险,0.0
8222,低风险,10.0
1943,低风险,0.0
5054,低风险,0.0
208,低风险,10.0
9915,低风险,0.0
4505,低风险,0.0
218,低风险,10.0
10126,低风险,10.0
6803,低风险,10.0
951,低风险,18.0
4229,低风险,0.0
10625,低风险,20.0
8780,低风险,20.0
6298,低风险,10.0
7802,低风险,10.0
8416,低风险,0.0
5394,低风险,10.0
5894,低风险,20.0
4994,低风险,20.0
1936,低风险,20.0
11069,低风险,0.0
5581,低风险,18.0
7804,低风险,0.0
9991,低风险,10.0
3353,低风险,0.0
4203,低风险,28.0
5715,低风险,0.0
9475,低风险,0.0
5901,低风险,20.0
6247,低风险,28.0
6865,低风险,0.0
5851,低风险,0.0
6940,低风险,0.0
10383,低风险,0.0
5899,低风险,0.0
6287,低风险,0.0
4927,低风险,0.0
361,低风险,0.0
8023,低风险,20.0
3405,低风险,20.0
4292,低风险,20.0
1790,低风险,28.0
6863,低风险,0.0
7551,低风险,20.0
11087,低风险,0.0
1510,低风险,0.0
4843,低风险,0.0
1938,低风险,20.0
3400,低风险,20.0
4727,低风险,20.0
10373,低风险,20.0
3854,低风险,0.0
6417,低风险,28.0
5860,低风险,0.0
10083,低风险,20.0
5159,低风险,0.0
2695,低风险,0.0
6616,低风险,0.0
3317,低风险,20.0
869,低风险,28.0
1033,低风险,0.0
4935,低风险,0.0
1021,低风险,20.0
6796,低风险,28.0
9198,低风险,20.0
3162,低风险,20.0
8151,低风险,0.0
6816,低风险,20.0
5643,低风险,20.0
9964,低风险,0.0
4670,低风险,20.0
6621,低风险,20.0
6149,低风险,35.0
8414,低风险,0.0
2815,低风险,28.0
5913,低风险,20.0
7648,低风险,28.0
8215,低风险,28.0
1202,低风险,0.0
6055,低风险,20.0
6441,低风险,20.0
3167,低风险,20.0
2855,低风险,0.0
5045,低风险,0.0
3252,低风险,0.0
3957,低风险,20.0
8553,低风险,20.0
10079,低风险,28.0
5361,低风险,0.0
8038,低风险,20.0
5880,低风险,20.0
7497,低风险,0.0
4858,低风险,10.0
6867,低风险,20.0
5916,低风险,20.0
1005,低风险,20.0
3822,低风险,0.0
9423,低风险,10.0
10615,低风险,20.0
3826,低风险,0.0
7613,低风险,20.0
6607,低风险,20.0
1217,低风险,20.0
6293,低风险,0.0
3354,低风险,0.0
5757,低风险,28.0
6143,低风险,20.0
11082,低风险,20.0
4996,低风险,10.0
1903,低风险,0.0
6810,低风险,20.0
7509,低风险,0.0
10955,低风险,20.0
8841,低风险,20.0
4459,低风险,0.0
3626,低风险,20.0
6768,低风险,0.0
539,低风险,10.0
79,低风险,20.0
3718,低风险,0.0
4960,低风险,20.0
4284,低风险,20.0
2539,低风险,0.0
1978,低风险,0.0
1292,低风险,0.0
9183,低风险,0.0
3850,低风险,10.0
5934,低风险,28.0
5124,低风险,0.0
3419,低风险,0.0
2804,低风险,0.0
4947,低风险,0.0
39,低风险,0.0
549,低风险,0.0
7493,低风险,35.0
8429,低风险,35.0
6764,低风险,0.0
3740,低风险,20.0
503,低风险,20.0
5883,低风险,20.0
8186,低风险,0.0
2242,低风险,20.0
2864,低风险,10.0
1500,低风险,0.0
5048,低风险,10.0
10269,低风险,20.0
8205,低风险,10.0
4854,低风险,20.0
344,低风险,18.0
364,低风险,18.0
10628,低风险,10.0
1902,低风险,10.0
4208,低风险,0.0
1014,低风险,20.0
4366,低风险,0.0
6783,低风险,20.0
2306,低风险,0.0
4067,低风险,20.0
10871,低风险,28.0
2071,低风险,20.0
7308,低风险,28.0
6626,低风险,35.0
8221,低风险,0.0
6147,低风险,18.0
9986,低风险,0.0
10252,低风险,8.0
9980,低风险,28.0
9000,低风险,0.0
9473,低风险,0.0
6752,低风险,10.0
5290,低风险,35.0
8171,低风险,28.0
4938,低风险,0.0
9477,低风险,0.0
10968,低风险,20.0
671,低风险,20.0
4961,低风险,0.0
1276,低风险,0.0
10271,低风险,18.0
1940,低风险,20.0
1893,低风险,28.0
5367,低风险,28.0
4358,低风险,0.0
7909,低风险,0.0
542,低风险,20.0
1805,低风险,10.0
3701,低风险,20.0
6277,低风险,20.0
4721,低风险,10.0
548,低风险,10.0
6797,低风险,10.0
2821,低风险,8.0
3240,低风险,20.0
5001,低风险,28.0
5871,低风险,20.0
2587,低风险,0.0
5722,低风险,0.0
10391,低风险,0.0
9410,低风险,10.0
10563,低风险,0.0
7907,低风险,28.0
2516,低风险,0.0
675,低风险,28.0
5230,低风险,20.0
475,低风险,20.0
8180,低风险,10.0
10280,低风险,28.0
7063,低风险,0.0
3157,低风险,0.0
3722,低风险,20.0
415,低风险,20.0
3745,低风险,20.0
2540,低风险,0.0
7783,低风险,0.0
3966,低风险,18.0
2592,低风险,0.0
7797,低风险,0.0
5289,低风险,10.0
8777,低风险,10.0
2310,低风险,10.0
2546,低风险,10.0
5300,低风险,0.0
3241,低风险,0.0
9417,低风险,0.0
9125,低风险,0.0
4219,低风险,28.0
4928,低风险,0.0
8145,低风险,28.0
1896,低风险,0.0
7499,低风险,0.0
5461,低风险,10.0
1279,低风险,0.0
1494,低风险,0.0
1472,低风险,0.0
1328,低风险,0.0
167,低风险,0.0
4222,低风险,0.0
10977,低风险,10.0
1064,低风险,10.0
5582,低风险,10.0
4949,低风险,10.0
8152,低风险,20.0
4463,低风险,0.0
1505,低风险,28.0
9500,低风险,10.0
1792,低风险,10.0
2542,低风险,10.0
7776,低风险,0.0
660,低风险,28.0
10123,低风险,18.0
2340,低风险,0.0
172,低风险,20.0
4907,低风险,20.0
8546,低风险,0.0
584,低风险,0.0
6773,低风险,35.0
5862,低风险,35.0
10659,低风险,35.0
7841,低风险,35.0
7726,低风险,10.0
10973,低风险,35.0
9002,低风险,18.0
1165,低风险,28.0
1066,低风险,20.0
6873,低风险,0.0
2698,低风险,10.0
9180,低风险,10.0
3311,低风险,0.0
2632,低风险,18.0
9424,低风险,0.0
10251,低风险,0.0
6056,低风险,20.0
3699,低风险,0.0
3814,低风险,0.0
7961,低风险,0.0
2240,低风险,0.0
4062,低风险,28.0
3964,低风险,0.0
2990,低风险,0.0
9427,低风险,0.0
4952,低风险,0.0
4506,低风险,20.0
595,低风险,0.0
10078,低风险,10.0
8776,低风险,10.0
5905,低风险,0.0
8170,低风险,35.0
4455,低风险,35.0
967,低风险,0.0
5859,低风险,0.0
6649,低风险,10.0
11067,低风险,0.0
3621,低风险,10.0
8172,低风险,0.0
10258,低风险,0.0
5578,低风险,0.0
5142,低风险,0.0
3809,低风险,10.0
10904,低风险,0.0
4205,低风险,18.0
1942,低风险,28.0
1280,低风险,20.0
1892,低风险,10.0
10099,低风险,0.0
1901,低风险,0.0
4966,低风险,20.0
3623,低风险,10.0
3502,低风险,0.0
2303,低风险,10.0
5379,低风险,0.0
8021,低风险,10.0
10033,低风险,10.0
8848,低风险,0.0
5012,低风险,10.0
2817,低风险,28.0
4364,低风险,0.0
7652,低风险,0.0
8138,低风险,35.0
776,低风险,35.0
6427,低风险,28.0
6829,低风险,0.0
3309,低风险,20.0
4732,低风险,10.0
4754,低风险,28.0
1310,低风险,20.0
450,低风险,28.0
8137,低风险,0.0
8167,低风险,28.0
10568,低风险,0.0
10254,低风险,10.0
2518,低风险,0.0
5836,低风险,20.0
4357,低风险,0.0
3314,低风险,0.0
5157,低风险,20.0
8555,低风险,0.0
8188,低风险,0.0
567,低风险,28.0
6640,低风险,0.0
7605,低风险,20.0
3987,低风险,20.0
8178,低风险,0.0
6131,低风险,0.0
6794,低风险,0.0
10119,低风险,0.0
2988,低风险,0.0
5839,低风险,0.0
10270,低风险,0.0
3704,低风险,10.0
8946,低风险,0.0
7650,低风险,0.0
3411,低风险,10.0
2861,低风险,10.0
8773,低风险,0.0
3816,低风险,35.0
674,低风险,28.0
6248,低风险,35.0
3963,低风险,35.0
7942,低风险,0.0
1173,低风险,35.0
5890,低风险,20.0
564,低风险,8.0
7947,低风险,10.0
448,低风险,8.0
7780,低风险,0.0
7496,低风险,0.0
7059,低风险,20.0
2235,低风险,20.0
10090,低风险,0.0
1798,低风险,20.0
5864,低风险,0.0
2526,低风险,0.0
1971,低风险,20.0
7134,低风险,0.0
9785,低风险,20.0
8592,低风险,20.0
10111,低风险,10.0
5844,低风险,0.0
3617,低风险,0.0
6902,低风险,0.0
3304,低风险,8.0
10961,低风险,0.0
5579,低风险,20.0
3719,低风险,10.0
5588,低风险,0.0
4272,低风险,18.0
3853,低风险,35.0
600,低风险,28.0
6943,低风险,0.0
8840,低风险,0.0
6297,低风险,0.0
461,低风险,20.0
3700,低风险,18.0
4715,低风险,0.0
3423,低风险,0.0
7785,低风险,10.0
3581,低风险,0.0
10884,低风险,0.0
8410,低风险,28.0
3716,低风险,8.0
4217,低风险,0.0
7786,低风险,20.0
3172,低风险,28.0
2524,低风险,35.0
2501,低风险,35.0
9787,低风险,20.0
2538,低风险,10.0
8948,低风险,0.0
10969,低风险,28.0
1083,低风险,20.0
10384,低风险,0.0
10663,低风险,10.0
6800,低风险,0.0
169,低风险,0.0
574,低风险,20.0
206,低风险,0.0
4087,低风险,35.0
5614,低风险,20.0
6860,低风险,0.0
10617,低风险,0.0
1897,低风险,0.0
7955,低风险,0.0
10953,低风险,28.0
4224,低风险,20.0
3579,低风险,0.0
10581,低风险,0.0
6790,低风险,20.0
10897,低风险,0.0
510,低风险,0.0
10664,低风险,0.0
5111,低风险,10.0
7600,低风险,0.0
6283,低风险,0.0
9984,低风险,35.0
8194,低风险,0.0
4728,低风险,28.0
7557,低风险,28.0
1331,低风险,20.0
570,低风险,0.0
360,低风险,10.0
9928,低风险,20.0
5849,低风险,20.0
5116,低风险,10.0
9112,低风险,0.0
4905,低风险,28.0
468,低风险,20.0
6416,低风险,20.0
10632,低风险,0.0
26,低风险,28.0
7793,低风险,28.0
6419,低风险,20.0
1077,低风险,0.0
5298,低风险,20.0
6431,低风险,0.0
6648,低风险,20.0
9917,低风险,0.0
864,低风险,0.0
772,低风险,35.0
1939,低风险,0.0
7849,低风险,0.0
9634,低风险,35.0
4348,低风险,10.0
5863,低风险,20.0
4069,低风险,0.0
445,低风险,35.0
9476,低风险,28.0
10027,低风险,8.0
8593,低风险,0.0
156,低风险,0.0
7565,低风险,0.0
2521,低风险,20.0
8600,低风险,28.0
7555,低风险,0.0
8147,低风险,18.0
4362,低风险,28.0
2502,低风险,0.0
1008,低风险,18.0
3337,低风险,10.0
560,低风险,28.0
1290,低风险,18.0
350,低风险,0.0
1463,低风险,8.0
10021,低风险,0.0
6250,低风险,8.0
5857,低风险,8.0
9463,低风险,8.0
366,低风险,28.0
4198,低风险,18.0
2506,低风险,18.0
7781,低风险,18.0
4995,低风险,0.0
3406,低风险,0.0
3247,低风险,28.0
3807,低风险,0.0
661,低风险,20.0
408,低风险,10.0
10132,低风险,35.0
3710,低风险,0.0
6903,低风险,28.0
4088,低风险,28.0
6295,低风险,28.0
359,低风险,35.0
4066,低风险,10.0
3260,低风险,0.0
170,低风险,35.0
10577,低风险,18.0
43,低风险,0.0
3741,低风险,0.0
4279,低风险,28.0
342,低风险,20.0
583,低风险,18.0
4196,低风险,8.0
31,低风险,0.0
9468,低风险,18.0
7602,低风险,10.0
3303,低风险,10.0
5931,低风险,0.0
7617,低风险,0.0
5257,低风险,0.0
4518,低风险,0.0
2623,低风险,0.0
1502,低风险,0.0
2504,低风险,0.0
4375,低风险,28.0
9416,低风险,18.0
8560,低风险,10.0
5847,低风险,20.0
10612,低风险,0.0
3341,低风险,28.0
1975,低风险,0.0
4457,低风险,0.0
736,低风险,20.0
6664,低风险,35.0
5718,低风险,20.0
2955,低风险,18.0
9130,低风险,10.0
8169,低风险,0.0
7505,低风险,0.0
3327,低风险,25.0
4278,低风险,0.0
1784,低风险,20.0
10630,低风险,20.0
3302,低风险,0.0
9799,低风险,20.0
1200,低风险,18.0
9444,低风险,20.0
3872,低风险,20.0
6437,低风险,0.0
6953,低风险,20.0
2808,低风险,0.0
453,低风险,0.0
9004,低风险,0.0
5867,低风险,0.0
1063,低风险,28.0
3849,低风险,20.0
4906,低风险,35.0
9009,低风险,0.0
10089,低风险,20.0
2853,低风险,20.0
8081,低风险,20.0
8025,低风险,28.0
6754,低风险,0.0
10097,低风险,0.0
497,低风险,0.0
7568,低风险,10.0
8971,低风险,20.0
6836,低风险,20.0
10951,低风险,20.0
10623,低风险,28.0
219,低风险,0.0
4897,低风险,28.0
4271,低风险,0.0
3171,低风险,20.0
4740,低风险,28.0
3255,低风险,0.0
7558,低风险,0.0
5729,低风险,0.0
4930,低风险,0.0
155,低风险,18.0
1026,低风险,0.0
5639,低风险,20.0
9804,低风险,0.0
452,低风险,0.0
7933,低风险,28.0
9185,低风险,0.0
5754,低风险,18.0
1642,低风险,0.0
4669,低风险,0.0
8426,低风险,0.0
10375,低风险,0.0
2780,低风险,28.0
7680,低风险,0.0
3979,低风险,0.0
5371,低风险,0.0
2637,低风险,0.0
3345,低风险,20.0
645,低风险,0.0
3342,低风险,0.0
8142,低风险,0.0
3729,低风险,20.0
8035,低风险,20.0
7792,低风险,20.0
4971,低风险,28.0
1285,低风险,0.0
7717,低风险,0.0
7616,低风险,0.0
1312,低风险,20.0
10428,低风险,28.0
5635,低风险,0.0
9191,低风险,0.0
578,低风险,0.0
7292,低风险,0.0
505,低风险,0.0
862,低风险,28.0
7566,低风险,20.0
4656,低风险,0.0
2523,低风险,0.0
8203,低风险,0.0
2785,低风险,20.0
1930,低风险,10.0
29,低风险,20.0
7953,低风险,20.0
6827,低风险,10.0
3955,低风险,10.0
3335,低风险,20.0
1793,低风险,28.0
1948,低风险,0.0
5009,低风险,0.0
3984,低风险,0.0
3735,低风险,20.0
1078,低风险,0.0
5299,低风险,0.0
8439,低风险,28.0
8146,低风险,20.0
643,低风险,28.0
28,低风险,20.0
556,低风险,0.0
1924,低风险,20.0
6627,低风险,20.0
6057,低风险,28.0
5915,低风险,20.0
5251,低风险,0.0
648,低风险,20.0
2307,低风险,0.0
8432,低风险,35.0
7649,低风险,28.0
775,低风险,0.0
73,低风险,10.0
10246,低风险,35.0
1004,低风险,0.0
3413,低风险,0.0
1927,低风险,20.0
161,低风险,28.0
1788,低风险,0.0
4460,低风险,0.0
5833,低风险,35.0
3262,低风险,10.0
3500,低风险,0.0
554,低风险,18.0
717,低风险,8.0
1204,低风险,28.0
4852,低风险,18.0
5854,低风险,35.0
5627,低风险,0.0
721,低风险,20.0
5052,低风险,20.0
6650,低风险,18.0
734,低风险,28.0
3270,低风险,0.0
10264,低风险,0.0
9982,低风险,10.0
3981,低风险,0.0
9480,低风险,0.0
4719,低风险,20.0
7791,低风险,10.0
8783,低风险,0.0
8999,低风险,0.0
5003,低风险,0.0
3608,低风险,28.0
3300,低风险,10.0
4969,低风险,0.0
9452,低风险,28.0
6748,低风险,0.0
4462,低风险,0.0
3273,低风险,18.0
8149,低风险,0.0
467,低风险,0.0
6765,低风险,35.0
5591,低风险,35.0
1922,低风险,10.0
3276,低风险,20.0
5395,低风险,28.0
1969,低风险,0.0
6769,低风险,28.0
2797,低风险,0.0
2525,低风险,20.0
1060,低风险,20.0
368,低风险,0.0
10104,低风险,0.0
4083,低风险,20.0
6870,低风险,8.0
4072,低风险,0.0
536,低风险,18.0
5723,低风险,0.0
5046,低风险,28.0
6415,低风险,28.0
5108,低风险,8.0
10441,低风险,0.0
5865,低风险,0.0
4863,低风险,10.0
5050,低风险,28.0
5403,低风险,35.0
5914,低风险,28.0
731,低风险,0.0
7500,低风险,0.0
5370,低风险,0.0
6775,低风险,20.0
4942,低风险,20.0
10902,低风险,18.0
3864,低风险,35.0
9975,低风险,10.0
8184,低风险,0.0
5118,低风险,0.0
3310,低风险,0.0
9916,低风险,18.0
5590,低风险,0.0
9503,低风险,0.0
8594,低风险,0.0
6880,低风险,0.0
5126,低风险,10.0
7676,低风险,20.0
10034,低风险,10.0
7682,低风险,0.0
3298,低风险,35.0
6435,低风险,0.0
964,低风险,28.0
1082,低风险,10.0
1024,低风险,18.0
676,低风险,18.0
8784,低风险,8.0
75,低风险,10.0
10903,低风险,18.0
10660,低风险,0.0
10392,低风险,0.0
9650,低风险,0.0
6424,低风险,28.0
1506,低风险,0.0
3426,低风险,20.0
5624,低风险,28.0
670,低风险,10.0
3410,低风险,35.0
9474,低风险,10.0
7563,低风险,0.0
589,低风险,0.0
7135,低风险,0.0
3338,低风险,28.0
2612,低风险,0.0
3983,低风险,28.0
6604,低风险,18.0
582,低风险,18.0
2179,低风险,0.0
646,低风险,35.0
10886,低风险,20.0
2334,低风险,18.0
5636,低风险,18.0
2776,低风险,35.0
5842,低风险,0.0
6257,低风险,0.0
5928,低风险,0.0
11084,低风险,28.0
6141,低风险,35.0
7673,低风险,0.0
9012,低风险,0.0
4082,低风险,28.0
4723,低风险,0.0
9409,低风险,18.0
998,低风险,35.0
4063,低风险,20.0
5587,低风险,0.0
5396,低风险,10.0
4917,低风险,20.0
10497,低风险,0.0
1061,低风险,10.0
7678,低风险,0.0
2701,低风险,8.0
8844,低风险,35.0
7950,低风险,28.0
572,低风险,0.0
4739,低风险,18.0
3806,低风险,18.0
9796,低风险,10.0
4708,低风险,28.0
8549,低风险,20.0
2342,低风险,0.0
1022,低风险,18.0
9701,低风险,20.0
3154,低风险,0.0
9637,低风险,0.0
969,低风险,35.0
5026,低风险,35.0
5589,低风险,10.0
5615,低风险,28.0
10578,低风险,35.0
10512,低风险,0.0
5240,低风险,18.0
2786,低风险,0.0
416,低风险,0.0
6366,低风险,0.0
4925,低风险,0.0
3336,低风险,28.0
407,低风险,28.0
4226,低风险,0.0
5237,低风险,18.0
6755,低风险,0.0
4970,低风险,8.0
5381,低风险,0.0
1795,低风险,20.0
2072,低风险,0.0
7773,低风险,0.0
952,低风险,28.0
6399,低风险,35.0
5471,低风险,0.0
1316,低风险,0.0
4200,低风险,35.0
10260,低风险,35.0
5840,低风险,0.0
410,低风险,0.0
10127,低风险,10.0
8079,低风险,20.0
3993,低风险,28.0
9426,低风险,18.0
9923,低风险,0.0
78,低风险,35.0
4730,低风险,0.0
10094,低风险,28.0
3827,低风险,0.0
9421,低风险,35.0
7309,低风险,0.0
6815,低风险,0.0
10108,低风险,28.0
7714,低风险,0.0
9022,低风险,0.0
3244,低风险,0.0
652,低风险,28.0
1471,低风险,10.0
3990,低风险,28.0
10379,低风险,28.0
8417,低风险,35.0
4929,低风险,20.0
7710,低风险,20.0
211,低风险,0.0
4202,低风险,10.0
6777,低风险,0.0
5879,低风险,0.0
3256,低风险,18.0
7507,低风险,0.0
569,低风险,0.0
1315,低风险,20.0
37,低风险,28.0
9469,低风险,20.0
533,低风险,35.0
9006,低风险,10.0
10880,低风险,20.0
6400,低风险,0.0
8218,低风险,18.0
7315,低风险,0.0
3954,低风险,28.0
2315,低风险,28.0
10245,低风险,0.0
5617,低风险,0.0
579,低风险,10.0
3978,低风险,0.0
4895,低风险,10.0
4714,低风险,28.0
5250,低风险,0.0
2324,低风险,0.0
2691,低风险,28.0
7838,低风险,35.0
3863,低风险,35.0
5235,低风险,0.0
2069,低风险,0.0
8161,低风险,10.0
2594,低风险,0.0
6791,低风险,0.0
7144,低风险,0.0
6657,低风险,0.0
506,低风险,18.0
7550,低风险,0.0
8159,低风险,0.0
773,低风险,28.0
11079,低风险,18.0
1465,低风险,18.0
654,低风险,28.0
5241,低风险,0.0
4720,低风险,8.0
2794,低风险,28.0
72,低风险,20.0
5932,低风险,0.0
10898,低风险,10.0
10962,低风险,28.0
5281,低风险,0.0
9930,低风险,10.0
6942,低风险,10.0
3737,低风险,10.0
9418,低风险,0.0
8310,低风险,28.0
655,低风险,28.0
6960,低风险,28.0
5897,低风险,35.0
7293,低风险,28.0
6434,低风险,0.0
8076,低风险,35.0
3870,低风险,28.0
6948,低风险,35.0
367,低风险,0.0
1320,低风险,20.0
3825,低风险,28.0
6422,低风险,0.0
6899,低风险,10.0
3835,低风险,0.0
8958,低风险,28.0
7711,低风险,28.0
7778,低风险,0.0
10499,低风险,0.0
5903,低风险,0.0
4270,低风险,28.0
2622,低风险,0.0
7501,低风险,0.0
6058,低风险,35.0
2803,低风险,0.0
27,低风险,0.0
8554,低风险,28.0
8141,低风险,18.0
4293,低风险,35.0
3830,低风险,18.0
10122,低风险,0.0
509,低风险,10.0
6806,低风险,0.0
1970,低风险,8.0
9972,低风险,20.0
4663,低风险,20.0
4855,低风险,35.0
2610,低风险,18.0
9635,低风险,10.0
4346,低风险,0.0
6772,低风险,20.0
9498,低风险,18.0
7848,低风险,20.0
7801,低风险,0.0
2065,低风险,8.0
860,低风险,28.0
4223,低风险,18.0
5015,低风险,20.0
4946,低风险,28.0
2859,低风险,28.0
3420,低风险,28.0
6139,低风险,28.0
5247,低风险,28.0
8150,低风险,28.0
6822,低风险,35.0
5575,低风险,0.0
1802,低风险,10.0
6368,低风险,28.0
5594,低风险,28.0
1274,低风险,35.0
1899,低风险,20.0
6647,低风险,28.0
7712,低风险,20.0
4355,低风险,0.0
5021,低风险,28.0
6862,低风险,35.0
4916,低风险,28.0
3848,低风险,35.0
10257,低风险,28.0
5645,低风险,28.0
3618,低风险,35.0
5008,低风险,28.0
2068,低风险,18.0
3254,低风险,28.0
353,低风险,20.0
6064,低风险,35.0
6282,低风险,0.0
10574,低风险,20.0
3803,低风险,35.0
2611,低风险,0.0
4847,低风险,0.0
6359,低风险,20.0
2953,低风险,8.0
1630,低风险,28.0
499,低风险,0.0
7777,低风险,28.0
6136,低风险,18.0
586,低风险,35.0
10900,低风险,35.0
5467,低风险,35.0
4744,低风险,20.0
7511,低风险,35.0
9705,低风险,28.0
9644,低风险,35.0
4074,低风险,10.0
6808,低风险,20.0
455,低风险,20.0
9802,低风险,35.0
440,低风险,35.0
6751,低风险,0.0
2532,低风险,35.0
5924,低风险,0.0
3828,低风险,18.0
8415,低风险,28.0
5717,低风险,0.0
9707,低风险,20.0
2992,低风险,0.0
4519,低风险,35.0
10899,低风险,18.0
2318,低风险,18.0
3859,低风险,35.0
4508,低风险,0.0
5378,低风险,35.0
4659,低风险,28.0
507,低风险,20.0
4726,低风险,20.0
10887,低风险,0.0
4998,低风险,35.0
7975,低风险,10.0
2997,低风险,28.0
6610,低风险,28.0
6365,低风险,35.0
868,低风险,28.0
6296,低风险,35.0
4896,低风险,35.0
2243,低风险,35.0
2491,低风险,18.0
551,低风险,0.0
4964,低风险,8.0
1072,低风险,20.0
6959,低风险,0.0
7145,低风险,28.0
6767,低风险,0.0
10386,低风险,28.0
10582,低风险,0.0
7146,低风险,8.0
9448,低风险,35.0
11083,低风险,35.0
4211,低风险,35.0
5037,低风险,35.0
7504,低风险,10.0
2631,低风险,35.0
2536,低风险,10.0
2865,低风险,10.0
6063,低风险,35.0
81,低风险,28.0
9795,低风险,0.0
7058,低风险,18.0
9926,低风险,0.0
1904,低风险,28.0
3847,低风险,28.0
171,低风险,0.0
3583,低风险,28.0
1501,低风险,28.0
5888,低风险,18.0
9467,低风险,0.0
5031,低风险,28.0
2060,低风险,18.0
10963,低风险,35.0
6821,低风险,0.0
2993,低风险,10.0
8544,低风险,0.0
11081,低风险,0.0
8139,低风险,0.0
5231,低风险,35.0
332,低风险,0.0
4862,低风险,35.0
3717,低风险,28.0
1919,低风险,28.0
10560,低风险,35.0
1910,低风险,35.0
2686,低风险,35.0
6762,低风险,18.0
5234,低风险,18.0
8973,低风险,10.0
6369,低风险,28.0
6813,低风险,0.0
504,低风险,18.0
6426,低风险,28.0
8843,低风险,35.0
3748,低风险,0.0
6944,低风险,0.0
447,低风险,35.0
6278,低风险,28.0
6884,低风险,0.0
9447,低风险,35.0
10614,低风险,35.0
4911,低风险,18.0
2238,低风险,35.0
1293,低风险,28.0
10086,低风险,35.0
9035,低风险,28.0
4653,低风险,28.0
5143,低风险,20.0
11078,低风险,0.0
3497,低风险,10.0
2535,低风险,35.0
1287,低风险,18.0
963,低风险,10.0
6420,低风险,18.0
4347,低风险,10.0
1003,低风险,10.0
10023,低风险,28.0
6890,低风险,0.0
9792,低风险,35.0
3257,低风险,0.0
10390,低风险,10.0
5053,低风险,28.0
10906,低风险,18.0
5861,低风险,35.0
9041,低风险,35.0
1223,低风险,0.0
4734,低风险,35.0
5121,低风险,20.0
8774,低风险,20.0
24,低风险,18.0
435,低风险,18.0
1806,低风险,20.0
1933,低风险,35.0
6895,低风险,20.0
1301,低风险,20.0
553,低风险,28.0
8959,低风险,28.0
2494,低风险,0.0
9963,低风险,0.0
1327,低风险,35.0
356,低风险,18.0
6409,低风险,28.0
3855,低风险,28.0
5114,低风险,0.0
3733,低风险,20.0
355,低风险,18.0
1081,低风险,0.0
2826,低风险,0.0
5882,低风险,0.0
9510,低风险,35.0
437,低风险,18.0
8968,低风险,10.0
585,低风险,0.0
9182,低风险,0.0
3319,低风险,10.0
6405,低风险,20.0
1804,低风险,28.0
4351,低风险,0.0
3851,低风险,35.0
9699,低风险,35.0
8423,低风险,28.0
3989,低风险,35.0
9993,低风险,0.0
4368,低风险,0.0
3865,低风险,28.0
10382,低风险,0.0
6048,低风险,28.0
5254,低风险,0.0
7720,低风险,35.0
7498,低风险,35.0
3867,低风险,20.0
10569,低风险,0.0
8179,低风险,18.0
9121,低风险,35.0
10434,低风险,0.0
7911,低风险,0.0
10877,低风险,20.0
9793,低风险,0.0
10440,低风险,8.0
10075,低风险,20.0
9969,低风险,28.0
9786,低风险,35.0
4060,低风险,0.0
9120,低风险,35.0
7970,低风险,35.0
5153,低风险,10.0
7304,低风险,28.0
4001,低风险,28.0
4675,低风险,10.0
5000,低风险,28.0
2305,低风险,35.0
7643,低风险,18.0
8591,低风险,0.0
9962,低风险,28.0
8967,低风险,28.0
4745,低风险,35.0
9038,低风险,0.0
4838,低风险,0.0
10092,低风险,0.0
6284,低风险,10.0
4837,低风险,20.0
3837,低风险,35.0
6885,低风险,10.0
8442,低风险,18.0
5010,低风险,35.0
7311,低风险,0.0
4830,低风险,20.0
9920,低风险,28.0
2806,低风险,18.0
6138,低风险,35.0
3965,低风险,28.0
7935,低风险,28.0
1296,低风险,20.0
11065,低风险,35.0
3958,低风险,28.0
8540,低风险,20.0
1932,低风险,20.0
2498,低风险,18.0
436,低风险,0.0
2320,低风险,28.0
7142,低风险,0.0
9001,低风险,28.0
10896,低风险,0.0
2595,低风险,28.0
557,低风险,35.0
2958,低风险,0.0
9967,低风险,28.0
8020,低风险,35.0
3159,低风险,0.0
82,低风险,0.0
1284,低风险,35.0
3838,低风险,0.0
2810,低风险,20.0
346,低风险,0.0
6763,低风险,0.0
2696,低风险,0.0
10001,低风险,0.0
3714,低风险,0.0
3331,低风险,28.0
8210,低风险,28.0
3249,低风险,10.0
3308,低风险,28.0
7056,低风险,10.0
2061,低风险,18.0
3347,低风险,18.0
5868,低风险,0.0
1914,低风险,0.0
1639,低风险,20.0
210,低风险,28.0
4363,低风险,20.0
3278,低风险,35.0
4280,低风险,35.0
5382,低风险,20.0
1466,低风险,10.0
713,低风险,0.0
7295,低风险,35.0
4356,低风险,20.0
10022,低风险,20.0
4948,低风险,0.0
456,低风险,0.0
10974,低风险,0.0
6362,低风险,0.0
7798,低风险,0.0
215,低风险,0.0
4209,低风险,0.0
9803,低风险,10.0
9977,低风险,28.0
4725,低风险,0.0
4370,低风险,20.0
3494,低风险,0.0
3265,低风险,18.0
7645,低风险,0.0
2520,低风险,0.0
534,低风险,10.0
457,低风险,28.0
2814,低风险,18.0
502,低风险,0.0
8154,低风险,0.0
4749,低风险,10.0
543,低风险,28.0
8957,低风险,28.0
3316,低风险,10.0
9505,低风险,10.0
7774,低风险,28.0
4513,低风险,0.0
9800,低风险,10.0
774,低风险,0.0
7647,低风险,0.0
10427,低风险,28.0
6142,低风险,35.0
2508,低风险,10.0
5034,低风险,28.0
5287,低风险,10.0
7966,低风险,0.0
1498,低风险,0.0
8160,低风险,0.0
6947,低风险,0.0
5463,低风险,0.0
9996,低风险,20.0
9501,低风险,20.0
4738,低风险,28.0
573,低风险,0.0
5125,低风险,18.0
3160,低风险,28.0
6358,低风险,10.0
9918,低风险,0.0
9453,低风险,0.0
4940,低风险,0.0
1324,低风险,0.0
3425,低风险,0.0
6363,低风险,35.0
6134,低风险,35.0
9460,低风险,28.0
1801,低风险,20.0
5855,低风险,0.0
6433,低风险,28.0
669,低风险,20.0
6887,低风险,35.0
2692,低风险,35.0
4756,低风险,35.0
8183,低风险,20.0
6901,低风险,0.0
10882,低风险,0.0
8163,低风险,10.0
451,低风险,0.0
5032,低风险,28.0
1636,低风险,0.0
8846,低风险,28.0
4923,低风险,0.0
6260,低风险,0.0
5583,低风险,0.0
9178,低风险,28.0
2627,低风险,20.0
4910,低风险,20.0
2640,低风险,0.0
2519,低风险,20.0
8835,低风险,35.0
8552,低风险,28.0
10576,低风险,10.0
2500,低风险,0.0
9465,低风险,0.0
8078,低风险,20.0
463,低风险,18.0
8187,低风险,0.0
2782,低风险,0.0
5646,低风险,28.0
6050,低风险,35.0
10500,低风险,35.0
5887,低风险,0.0
9502,低风险,18.0
1304,低风险,35.0
4860,低风险,28.0
5280,低风险,35.0
8207,低风险,28.0
7779,低风险,0.0
6061,低风险,35.0
10876,低风险,0.0
5620,低风险,28.0
1009,低风险,35.0
6654,低风险,0.0
1071,低风险,18.0
2184,低风险,20.0
9457,低风险,0.0
8775,低风险,0.0
9036,低风险,10.0
5164,低风险,35.0
8077,低风险,28.0
1213,低风险,18.0
2703,低风险,35.0
5402,低风险,35.0
3869,低风险,0.0
3860,低风险,18.0
3431,低风险,20.0
9645,低风险,28.0
6663,低风险,10.0
3839,低风险,28.0
8037,低风险,35.0
157,低风险,28.0
10611,低风险,28.0
2312,低风险,0.0
2537,低风险,10.0
3726,低风险,35.0
4064,低风险,10.0
8174,低风险,20.0
2634,低风险,20.0
214,低风险,28.0
1016,低风险,0.0
2327,低风险,10.0
9199,低风险,28.0
4081,低风险,0.0
3492,低风险,20.0
8545,低风险,0.0
1069,低风险,20.0
10124,低风险,18.0
7958,低风险,0.0
9458,低风险,0.0
6641,低风险,28.0
10658,低风险,8.0
2818,低风险,28.0
5297,低风险,35.0
1001,低风险,0.0
6823,低风险,35.0
4746,低风险,35.0
5374,低风险,18.0
5755,低风险,0.0
3350,低风险,20.0
2858,低风险,35.0
4194,低风险,0.0
209,低风险,35.0
8557,低风险,28.0
9643,低风险,10.0
5629,低风险,35.0
3340,低风险,0.0
4353,低风险,28.0
8220,低风险,0.0
597,低风险,28.0
1309,低风险,28.0
8963,低风险,28.0
7554,低风险,35.0
8307,低风险,0.0
10503,低风险,8.0
10020,低风险,0.0
1208,低风险,28.0
3339,低风险,0.0
865,低风险,10.0
3326,低风险,35.0
2824,低风险,28.0
7138,低风险,0.0
1216,低风险,35.0
10107,低风险,18.0
41,低风险,0.0
4716,低风险,10.0
4748,低风险,0.0
10274,低风险,28.0
6356,低风险,28.0
8189,低风险,10.0
5896,低风险,35.0
7788,低风险,10.0
5920,低风险,0.0
2512,低风险,8.0
3999,低风险,0.0
1311,低风险,35.0
9194,低风险,20.0
71,低风险,35.0
1065,低风险,0.0
3610,低风险,35.0
45,低风险,10.0
149,低风险,10.0
1800,低风险,28.0
10966,低风险,35.0
10636,低风险,35.0
5881,低风险,18.0
5013,低风险,35.0
3261,低风险,0.0
1018,低风险,28.0
5719,低风险,35.0
7912,低风险,10.0
5156,低风险,35.0
10071,低风险,35.0
5728,低风险,28.0
163,低风险,20.0
5366,低风险,28.0
1794,低风险,35.0
4361,低风险,0.0
7302,低风险,0.0
4654,低风险,35.0
778,低风险,35.0
8143,低风险,35.0
10028,低风险,18.0
10872,低风险,35.0
2505,低风险,20.0
7719,低风险,35.0
5377,低风险,35.0
2693,低风险,35.0
3616,低风险,18.0
2787,低风险,35.0
3840,低风险,0.0
3577,低风险,0.0
1789,低风险,35.0
9123,低风险,28.0
1509,低风险,0.0
5295,低风险,35.0
6825,低风险,35.0
9177,低风险,28.0
2860,低风险,28.0
7932,低风险,35.0
10070,低风险,35.0
3808,低风险,18.0
10570,低风险,25.0
4755,低风险,28.0
5616,低风险,35.0
7653,低风险,10.0
8965,低风险,20.0
5384,低风险,35.0
1000,低风险,35.0
2522,低风险,10.0
5286,低风险,28.0
8043,低风险,35.0
5892,低风险,20.0
10635,低风险,35.0
8148,低风险,35.0
10000,低风险,20.0
5727,低风险,35.0
2812,低风险,0.0
6818,低风险,35.0
5293,低风险,35.0
7963,低风险,20.0
7904,低风险,35.0
4924,低风险,35.0
6129,低风险,28.0
4753,低风险,35.0
9504,低风险,28.0
3712,低风险,20.0
1913,低风险,35.0
4085,低风险,35.0
5923,低风险,35.0
4086,低风险,18.0
4731,低风险,0.0
10248,低风险,28.0
10626,低风险,35.0
7057,低风险,0.0
1326,低风险,35.0
9973,低风险,35.0
5141,低风险,20.0
8849,低风险,28.0
3328,低风险,35.0
6133,低风险,10.0
4943,低风险,20.0
10895,低风险,0.0
2311,低风险,0.0
3738,低风险,35.0
6412,低风险,35.0
5024,低风险,20.0
2866,低风险,35.0
6256,低风险,35.0
10610,低风险,35.0
2599,低风险,35.0
6875,低风险,0.0
10960,低风险,35.0
561,低风险,35.0
5112,低风险,10.0
74,低风险,0.0
3321,低风险,35.0
1288,低风险,35.0
1277,低风险,0.0
10105,低风险,35.0
9184,低风险,28.0
726,低风险,35.0
11068,低风险,28.0
535,低风险,35.0
8208,低风险,18.0
462,低风险,35.0
1012,低风险,35.0
7641,低风险,0.0
140,低风险,35.0
8195,低风险,0.0
4752,低风险,35.0
3956,低风险,20.0
9128,低风险,35.0
8850,低风险,35.0
8166,低风险,35.0
6900,低风险,0.0
1632,低风险,35.0
2309,低风险,0.0
3325,低风险,35.0
4932,低风险,18.0
11073,低风险,35.0
2702,低风险,35.0
5041,低风险,35.0
9115,低风险,35.0
2495,低风险,10.0
5389,低风险,35.0
5390,低风险,35.0
5641,低风险,35.0
7789,低风险,25.0
657,低风险,35.0
591,低风险,20.0
2959,低风险,35.0
25,低风险,18.0
9979,低风险,28.0
5716,低风险,35.0
5148,低风险,10.0
5233,低风险,20.0
9005,低风险,20.0
44,低风险,35.0
6881,低风险,35.0
3723,低风险,28.0
7618,低风险,35.0
9998,低风险,35.0
8430,低风险,35.0
10091,低风险,35.0
727,低风险,0.0
9193,低风险,35.0
4757,低风险,20.0
8424,低风险,35.0
5006,低风险,35.0
1947,低风险,35.0
6054,低风险,35.0
1015,低风险,35.0
6824,低风险,35.0
8838,低风险,28.0
3725,低风险,35.0
3820,低风险,0.0
3833,低风险,35.0
10389,低风险,0.0
722,低风险,0.0
8537,低风险,35.0
5376,低风险,35.0
7944,低风险,0.0
1017,低风险,28.0
8440,低风险,35.0
5902,低风险,0.0
9506,低风险,20.0
2496,低风险,0.0
10624,低风险,28.0
10971,低风险,35.0
9925,低风险,35.0
1797,低风险,35.0
11085,低风险,35.0
7564,低风险,35.0
3982,低风险,10.0
5930,低风险,35.0
10504,低风险,35.0
1928,低风险,35.0
9027,低风险,35.0
4849,低风险,20.0
4514,低风险,35.0
10583,低风险,0.0
10618,低风险,35.0
6060,低风险,35.0
7964,低风险,35.0
5912,低风险,20.0
477,低风险,0.0
6655,低风险,0.0
5365,低风险,18.0
7549,低风险,0.0
5936,低风险,35.0
2793,低风险,35.0
2064,低风险,0.0
2788,低风险,0.0
460,低风险,35.0
3155,低风险,35.0
4215,低风险,0.0
8962,低风险,28.0
6357,低风险,28.0
5119,低风险,0.0
7608,低风险,28.0
4657,低风险,28.0
3245,低风险,28.0
6145,低风险,28.0
3346,低风险,0.0
10102,低风险,28.0
4662,低风险,10.0
3802,低风险,0.0
8964,低风险,35.0
1308,低风险,28.0
7651,低风险,35.0
715,低风险,35.0
545,低风险,35.0
2308,低风险,0.0
8961,低风险,35.0
6406,低风险,20.0
3969,低风险,10.0
6957,低风险,35.0
5244,低风险,35.0
9190,低风险,0.0
3861,低风险,28.0
6611,低风险,35.0
6619,低风险,28.0
8036,低风险,35.0
10559,低风险,35.0
9122,低风险,35.0
9921,低风险,0.0
5025,低风险,28.0
5385,低风险,28.0
6749,低风险,10.0
8209,低风险,0.0
8199,低风险,28.0
11080,低风险,28.0
4848,低风险,0.0
465,低风险,28.0
5051,低风险,35.0
1218,低风险,35.0
6144,低风险,28.0
4080,低风险,28.0
3744,低风险,28.0
9788,低风险,35.0
40,低风险,28.0
6826,低风险,35.0
2517,低风险,0.0
8952,低风险,35.0
1074,低风险,35.0
7906,低风险,0.0
5248,低风险,28.0
1067,低风险,35.0
7316,低风险,0.0
9700,低风险,35.0
2549,低风险,0.0
1457,低风险,35.0
3721,低风险,35.0
4914,低风险,35.0
207,低风险,35.0
4861,低风险,35.0
5150,低风险,35.0
866,低风险,35.0
7805,低风险,28.0
5904,低风险,0.0
10975,低风险,35.0
1298,低风险,0.0
441,低风险,0.0
10116,低风险,0.0
8140,低风险,28.0
8317,低风险,0.0
10959,低风险,10.0
10433,低风险,10.0
1076,低风险,35.0
4950,低风险,28.0
1313,低风险,0.0
1303,低风险,35.0
2700,低风险,28.0
6288,低风险,0.0
10956,低风险,35.0
10511,低风险,0.0
663,低风险,35.0
8412,低风险,35.0
2690,低风险,35.0
2616,低风险,35.0
3831,低风险,35.0
8082,低风险,35.0
4737,低风险,20.0
4275,低风险,35.0
5359,低风险,35.0
999,低风险,35.0
9981,低风险,0.0
4273,低风险,20.0
544,低风险,28.0
601,低风险,0.0
6941,低风险,18.0
10096,低风险,35.0
2783,低风险,28.0
724,低风险,10.0
7807,低风险,28.0
1323,低风险,18.0
3824,低风险,35.0
4277,低风险,35.0
6609,低风险,35.0
4516,低风险,28.0
3868,低风险,0.0
8969,低风险,35.0
10561,低风险,35.0
9192,低风险,35.0
212,低风险,28.0
4212,低风险,28.0
6052,低风险,35.0
8836,低风险,35.0
2790,低风险,35.0
10279,低风险,28.0
10907,低风险,35.0
6789,低风险,0.0
7808,低风险,35.0
6413,低风险,35.0
5362,低风险,35.0
8851,低风险,35.0
10957,低风险,28.0
2697,低风险,18.0
1503,低风险,28.0
4899,低风险,28.0
7948,低风险,28.0
8427,低风险,35.0
4220,低风险,35.0
2321,低风险,20.0
1275,低风险,35.0
647,低风险,28.0
3730,低风险,0.0
8073,低风险,35.0
6398,低风险,28.0
1281,低风险,35.0
1226,低风险,35.0
1921,低风险,35.0
365,低风险,28.0
8438,低风险,35.0
2777,低风险,0.0
5016,低风险,0.0
9961,低风险,0.0
2533,低风险,0.0
10082,低风险,20.0
4722,低风险,18.0
8134,低风险,35.0
7310,低风险,20.0
30,低风险,0.0
9197,低风险,10.0
4747,低风险,35.0
10369,低风险,28.0
7931,低风险,35.0
5042,低风险,35.0
8033,低风险,28.0
8201,低风险,28.0
770,低风险,35.0
10662,低风险,35.0
10949,低风险,35.0
9708,低风险,35.0
9419,低风险,0.0
3329,低风险,28.0
7782,低风险,35.0
8204,低风险,35.0
7715,低风险,35.0
142,低风险,0.0
1900,低风险,0.0
5279,低风险,28.0
6292,低风险,35.0
10888,低风险,35.0
3727,低风险,35.0
4673,低风险,28.0
1945,低风险,0.0
5733,低风险,35.0
5622,低风险,35.0
3609,低风险,28.0
4343,低风险,0.0
7598,低风险,28.0
723,低风险,35.0
2638,低风险,35.0
11071,低风险,35.0
5392,低风险,35.0
7606,低风险,35.0
9033,低风险,35.0
8155,低风险,0.0
7960,低风险,35.0
10263,低风险,28.0
10088,低风险,18.0
458,低风险,28.0
6950,低风险,35.0
3742,低风险,35.0
5047,低风险,35.0
7965,低风险,35.0
1977,低风险,8.0
8041,低风险,28.0
6403,低风险,0.0
10262,低风险,10.0
2867,低风险,18.0
6440,低风险,35.0
4201,低风险,28.0
10557,低风险,35.0
7298,低风险,0.0
4919,低风险,35.0
7559,低风险,35.0
10513,低风险,35.0
5369,低风险,35.0
8080,低风险,35.0
5245,低风险,35.0
7722,低风险,35.0
3279,低风险,0.0
9020,低风险,28.0
1459,低风险,18.0
4841,低风险,28.0
6831,低风险,35.0
3164,低风险,28.0
10029,低风险,35.0
2606,低风险,35.0
9992,低风险,0.0
1507,低风险,10.0
7957,低风险,35.0
1895,低风险,18.0
4666,低风险,28.0
532,低风险,35.0
10080,低风险,35.0
7681,低风险,0.0
1278,低风险,35.0
4218,低风险,35.0
9422,低风险,28.0
8853,低风险,35.0
6956,低风险,35.0
4758,低风险,0.0
650,低风险,35.0
10113,低风险,35.0
8974,低风险,35.0
6792,低风险,0.0
9113,低风险,35.0
3170,低风险,35.0
32,低风险,35.0
1220,低风险,35.0
7806,低风险,35.0
7930,低风险,28.0
5909,低风险,35.0
7790,低风险,28.0
6955,低风险,35.0
7508,低风险,35.0
3305,低风险,20.0
10370,低风险,35.0
4967,低风险,10.0
5110,低风险,0.0
7313,低风险,35.0
10085,低风险,35.0
8213,低风险,20.0
10891,低风险,10.0
4276,低风险,35.0
42,低风险,35.0
6059,低风险,35.0
6259,低风险,10.0
8954,低风险,35.0
7506,低风险,0.0
7800,低风险,10.0
473,低风险,35.0
6429,低风险,35.0
33,低风险,35.0
6784,低风险,18.0
9454,低风险,28.0
10657,低风险,0.0
3399,低风险,28.0
994,低风险,28.0
222,低风险,35.0
5391,低风险,35.0
173,低风险,0.0
9011,低风险,20.0
8972,低风险,35.0
6809,低风险,35.0
7646,低风险,0.0
10954,低风险,10.0
5917,低风险,35.0
8541,低风险,18.0
7603,低风险,35.0
6817,低风险,0.0
8196,低风险,35.0
10958,低风险,0.0
1212,低风险,35.0
7974,低风险,35.0
2588,低风险,35.0
4289,低风险,20.0
2316,低风险,35.0
3166,低风险,35.0
4936,低风险,0.0
4282,低风险,20.0
9186,低风险,18.0
2799,低风险,0.0
6624,低风险,35.0
3168,低风险,28.0
780,低风险,20.0
8075,低风险,20.0
10072,低风险,28.0
3169,低风险,28.0
558,低风险,28.0
2802,低风险,35.0
4751,低风险,35.0
4674,低风险,18.0
6430,低风险,35.0
7959,低风险,35.0
5626,低风险,0.0
5039,低风险,0.0
6294,低风险,0.0
4920,低风险,20.0
3584,低风险,0.0
777,低风险,0.0
4724,低风险,0.0
5397,低风险,28.0
5919,低风险,35.0
2325,低风险,35.0
5236,低风险,10.0
5625,低风险,28.0
3829,低风险,28.0
6659,低风险,35.0
6280,低风险,18.0
568,低风险,18.0
9633,低风险,8.0
6618,低风险,35.0
7612,低风险,28.0
5127,低风险,20.0
216,低风险,0.0
8311,低风险,18.0
7954,低风险,28.0
3977,低风险,20.0
5253,低风险,35.0
7910,低风险,0.0
1976,低风险,0.0
36,低风险,35.0
7795,低风险,35.0
5158,低风险,35.0
6360,低风险,35.0
1920,低风险,28.0
9798,低风险,25.0
417,低风险,35.0
7147,低风险,35.0
4369,低风险,35.0
1321,低风险,35.0
9966,低风险,35.0
4939,低风险,35.0
10873,低风险,35.0
4227,低风险,35.0
5128,低风险,35.0
10073,低风险,28.0
3731,低风险,18.0
5628,低风险,28.0
8144,低风险,35.0
11077,低风险,0.0
6364,低风险,10.0
4834,低风险,35.0
2784,低风险,35.0
9187,低风险,10.0
9642,低风险,8.0
10965,低风险,0.0
8024,低风险,35.0
9116,低风险,28.0
10098,低风险,0.0
4893,低风险,18.0
9696,低风险,35.0
1062,低风险,0.0
10892,低风险,35.0
5256,低风险,35.0
7615,低风险,0.0
8772,低风险,35.0
594,低风险,35.0
5753,低风险,10.0
5388,低风险,35.0
1209,低风险,35.0
3333,低风险,28.0
2073,低风险,35.0
1916,低风险,35.0
4071,低风险,28.0
4068,低风险,10.0
9129,低风险,28.0
2547,低风险,35.0
4999,低风险,35.0
46,低风险,18.0
3312,低风险,10.0
6066,低风险,0.0
8949,低风险,18.0
954,低风险,35.0
6864,低风险,18.0
349,低风险,20.0
9999,低风险,28.0
10093,低风险,20.0
5885,低风险,0.0
592,低风险,35.0
1215,低风险,10.0
3986,低风险,20.0
4926,低风险,35.0
1007,低风险,35.0
779,低风险,0.0
8068,低风险,28.0
718,低风险,35.0
1458,低风险,28.0
3585,低风险,35.0
2624,低风险,20.0
3818,低风险,8.0
1473,低风险,0.0
10268,低风险,28.0
3873,低风险,0.0
5364,低风险,28.0
7949,低风险,18.0
2323,低风险,0.0
8029,低风险,0.0
6132,低风险,35.0
11076,低风险,20.0
5870,低风险,18.0
9651,低风险,0.0
5055,低风险,28.0
4065,低风险,35.0
8428,低风险,35.0
10250,低风险,10.0
2339,低风险,10.0
6958,低风险,0.0
10110,低风险,35.0
2175,低风险,0.0
1029,低风险,35.0
6065,低风险,35.0
4464,低风险,35.0
3708,低风险,35.0
10661,低风险,0.0
5752,低风险,0.0
1935,低风险,35.0
5886,低风险,18.0
1210,低风险,0.0
8425,低风险,0.0
6246,低风险,0.0
7140,低风险,10.0
8419,低风险,35.0
7553,低风险,28.0
1925,低风险,35.0
8185,低风险,35.0
4672,低风险,35.0
6814,低风险,35.0
11063,低风险,35.0
2857,低风险,28.0
10106,低风险,35.0
3163,低风险,35.0
9415,低风险,0.0
1944,低风险,28.0
2950,低风险,35.0
10556,低风险,28.0
331,低风险,28.0
678,低风险,35.0
1633,低风险,35.0
6279,低风险,35.0
10074,低风险,35.0
9021,低风险,28.0
2313,低风险,0.0
576,低风险,0.0
4963,低风险,35.0
9179,低风险,10.0
1306,低风险,28.0
5726,低风险,28.0
205,低风险,28.0
2244,低风险,10.0
10385,低风险,35.0
6614,低风险,35.0
8315,低风险,10.0
10627,低风险,35.0
5020,低风险,20.0
3407,低风险,10.0
4742,低风险,0.0
7724,低风险,28.0
7901,低风险,10.0
9976,低风险,0.0
8845,低风险,35.0
537,低风险,28.0
8998,低风险,35.0
4844,低风险,0.0
9039,低风险,35.0
5246,低风险,0.0
8551,低风险,10.0
782,低风险,35.0
5375,低风险,18.0
771,低风险,10.0
4079,低风险,35.0
1199,低风险,0.0
6871,低风险,0.0
6425,低风险,0.0
6251,低风险,35.0
3720,低风险,35.0
9014,低风险,18.0
5634,低风险,0.0
672,低风险,0.0
4655,低风险,20.0
9702,低风险,0.0
6833,低风险,20.0
3614,低风险,0.0
4836,低风险,28.0
6868,低风险,35.0
21,低风险,0.0
454,低风险,20.0
9698,低风险,10.0
5040,低风险,35.0
3985,低风险,28.0
8067,低风险,35.0
7599,低风险,10.0
9040,低风险,20.0
5721,低风险,10.0
9471,低风险,35.0
5393,低风险,35.0
438,低风险,0.0
3272,低风险,20.0
7936,低风险,0.0
339,低风险,0.0
371,低风险,0.0
8421,低风险,35.0
9636,低风险,35.0
7803,低风险,10.0
8966,低风险,0.0
164,低风险,0.0
8778,低风险,10.0
5162,低风险,0.0
5926,低风险,0.0
5838,低风险,10.0
677,低风险,0.0
9647,低风险,10.0
4294,低风险,10.0
5109,低风险,0.0
9990,低风险,0.0
8028,低风险,28.0
3706,低风险,35.0
2621,低风险,35.0
213,低风险,20.0
1170,低风险,0.0
10501,低风险,0.0
5243,低风险,0.0
6137,低风险,0.0
4515,低风险,10.0
5469,低风险,35.0
2231,低风险,0.0
10253,低风险,20.0
6893,低风险,28.0
352,低风险,20.0
7644,低风险,28.0
6869,低风险,0.0
340,低风险,0.0
3415,低风险,35.0
2066,低风险,0.0
2629,低风险,0.0
8435,低风险,0.0
8219,低风险,0.0
7137,低风险,0.0
4352,低风险,10.0
2070,低风险,0.0
6651,低风险,0.0
3242,低风险,0.0
3274,低风险,0.0
9929,低风险,0.0
5858,低风险,28.0
1224,低风险,20.0
1504,低风险,35.0
4912,低风险,0.0
7937,低风险,28.0
3264,低风险,28.0
2807,低风险,0.0
667,低风险,0.0
3313,低风险,0.0
590,低风险,0.0
2596,低风险,10.0
9641,低风险,0.0
337,低风险,0.0
3952,低风险,10.0
9018,低风险,10.0
1894,低风险,10.0
6253,低风险,0.0
6759,低风险,35.0
9801,低风险,35.0
4070,低风险,35.0
5002,低风险,35.0
8212,低风险,10.0
3301,低风险,18.0
3821,低风险,0.0
540,低风险,0.0
148,低风险,0.0
3358,低风险,0.0
8173,低风险,0.0
3960,低风险,28.0
8596,低风险,28.0
6758,低风险,0.0
1214,低风险,10.0
6834,低风险,0.0
6760,低风险,10.0
4993,低风险,20.0
10620,低风险,20.0
10101,低风险,0.0
3815,低风险,20.0
2991,低风险,0.0
1979,低风险,35.0
6290,低风险,0.0
6770,低风险,20.0
7784,低风险,0.0
3619,低风险,20.0
563,低风险,20.0
4850,低风险,0.0
439,低风险,10.0
5640,低风险,0.0
2180,低风险,35.0
5144,低风险,0.0
9988,低风险,10.0
3713,低风险,0.0
3580,低风险,10.0
7305,低风险,0.0
3625,低风险,0.0
4281,低风险,0.0
9201,低风险,18.0
3429,低风险,28.0
3846,低风险,28.0
7844,低风险,35.0
5878,低风险,10.0
6620,低风险,28.0
8603,低风险,28.0
547,低风险,35.0
4839,低风险,35.0
10374,低风险,8.0
10631,低风险,20.0
552,低风险,0.0
719,低风险,28.0
5872,低风险,28.0
7552,低风险,35.0
8953,低风险,0.0
7902,低风险,28.0
1205,低风险,35.0
7306,低风险,35.0
7946,低风险,18.0
3841,低风险,8.0
9927,低风险,8.0
7939,低风险,20.0
2336,低风险,0.0
10889,低风险,0.0
4511,低风险,35.0
8190,低风险,28.0
4230,低风险,0.0
9411,低风险,0.0
10273,低风险,20.0
2514,低风险,35.0
3819,低风险,28.0
174,低风险,28.0
5472,低风险,10.0
10388,低风险,28.0
968,低风险,28.0
4944,低风险,28.0
559,低风险,0.0
1972,低风险,28.0
5027,低风险,28.0
3315,低风险,28.0
1911,低风险,0.0
1917,低风险,18.0
6436,低风险,0.0
2825,低风险,20.0
4658,低风险,0.0
10259,低风险,10.0
6396,低风险,60.0
9914,低风险,60.0
7610,低风险,0.0
6756,低风险,35.0
4073,低风险,28.0
863,低风险,35.0
404,低风险,18.0
7850,低风险,35.0
5846,低风险,18.0
10894,低风险,18.0
10031,低风险,35.0
9462,低风险,0.0
1906,低风险,35.0
2515,低风险,35.0
7654,低风险,28.0
3501,低风险,28.0
3995,低风险,18.0
414,低风险,10.0
5017,低风险,35.0
4921,低风险,20.0
6285,低风险,18.0
9794,低风险,18.0
2778,低风险,35.0
10580,低风险,28.0
8556,低风险,20.0
1946,低风险,10.0
3176,低风险,28.0
7929,低风险,35.0
1169,低风险,28.0
9789,低风险,28.0
6807,低风险,0.0
8072,低风险,0.0
5856,低风险,35.0
995,低风险,35.0
5732,低风险,35.0
500,低风险,20.0
9478,低风险,35.0
1638,低风险,35.0
1010,低风险,28.0
1332,低风险,35.0
1462,低风险,28.0
3238,低风险,10.0
8411,低风险,0.0
38,低风险,35.0
77,低风险,35.0
769,低风险,0.0
357,低风险,20.0
9196,低风险,35.0
2863,低风险,35.0
1228,低风险,0.0
144,低风险,0.0
498,低风险,0.0
4933,低风险,35.0
2957,低风险,20.0
9181,低风险,20.0
83,低风险,28.0
7296,低风险,0.0
2326,低风险,0.0
8548,低风险,0.0
562,低风险,10.0
5925,低风险,20.0
9632,低风险,0.0
642,低风险,28.0
1221,低风险,35.0
1201,低风险,35.0
5023,低风险,0.0
5874,低风险,28.0
3246,低风险,20.0
3161,低风险,10.0
6874,低风险,0.0
7604,低风险,35.0
3991,低风险,28.0
5018,低风险,28.0
10115,低风险,0.0
11064,低风险,20.0
6439,低风险,28.0
9511,低风险,0.0
4204,低风险,28.0
2805,低风险,10.0
9499,低风险,0.0
220,低风险,0.0
4287,低风险,28.0
3587,低风险,20.0
3320,低风险,0.0
9968,低风险,35.0
6788,低风险,0.0
10506,低风险,10.0
2862,低风险,28.0
2185,低风险,28.0
9922,低风险,10.0
3607,低风险,10.0
5229,低风险,0.0
1807,低风险,35.0
5756,低风险,10.0
10376,低风险,0.0
8168,低风险,35.0
6656,低风险,35.0
4213,低风险,35.0
6615,低风险,28.0
3280,低风险,10.0
8550,低风险,18.0
151,低风险,0.0
658,低风险,0.0
1302,低风险,20.0
5633,低风险,0.0
2237,低风险,10.0
9693,低风险,10.0
9126,低风险,10.0
8313,低风险,0.0
2314,低风险,28.0
656,低风险,18.0
9983,低风险,0.0
358,低风险,10.0
5462,低风险,0.0
2779,低风险,35.0
1909,低风险,35.0
2954,低风险,28.0
8039,低风险,10.0
7976,低风险,0.0
6644,低风险,28.0
5363,低风险,20.0
2176,低风险,10.0
2831,低风险,0.0
5036,低风险,28.0
6047,低风险,0.0
8162,低风险,35.0
3994,低风险,35.0
10432,低风险,0.0
8206,低风险,35.0
4228,低风险,0.0
4990,低风险,10.0
10575,低风险,28.0
10947,低风险,0.0
1006,低风险,35.0
2331,低风险,35.0
1637,低风险,35.0
9970,低风险,35.0
4909,低风险,20.0
10616,低风险,35.0
1314,低风险,10.0
5637,低风险,28.0
5155,低风险,0.0
3330,低风险,28.0
4354,低风险,28.0
3724,低风险,28.0
6286,低风险,18.0
1203,低风险,35.0
9461,低风险,28.0
6832,低风险,28.0
1174,低风险,35.0
7561,低风险,35.0
4509,低风险,0.0
6423,低风险,35.0
10952,低风险,35.0
6946,低风险,35.0
6410,低风险,35.0
8308,低风险,0.0
5921,低风险,28.0
8960,低风险,0.0
470,低风险,35.0
7967,低风险,35.0
871,低风险,0.0
1075,低风险,35.0
2181,低风险,35.0
5107,低风险,28.0
2800,低风险,28.0
10573,低风险,35.0
1929,低风险,28.0
9118,低风险,28.0
1635,低风险,10.0
47,低风险,0.0
6255,低风险,10.0
1028,低风险,0.0
9797,低风险,35.0
949,低风险,28.0
6606,低风险,35.0
8135,低风险,28.0
6945,低风险,25.0
950,低风险,0.0
1031,低风险,18.0
1282,低风险,35.0
10619,低风险,18.0
4061,低风险,35.0
1791,低风险,18.0
5294,低风险,35.0
5145,低风险,10.0
34,低风险,35.0
476,低风险,20.0
6811,低风险,35.0
9479,低风险,28.0
7133,低风险,28.0
6148,低风险,35.0
1025,低风险,0.0
1634,低风险,28.0
1002,低风险,20.0
348,低风险,20.0
5731,低风险,10.0
4089,低风险,0.0
997,低风险,35.0
7303,低风险,28.0
6049,低风险,18.0
6891,低风险,0.0
1019,低风险,20.0
1172,低风险,0.0
1322,低风险,35.0
8598,低风险,28.0
6949,低风险,35.0
8842,低风险,35.0
10948,低风险,35.0
10622,低风险,35.0
4512,低风险,35.0
2856,低风险,35.0
9200,低风险,20.0
2509,低风险,28.0
5759,低风险,18.0
10566,低风险,0.0
4845,低风险,35.0
7494,低风险,0.0
3578,低风险,28.0
7938,低风险,20.0
4521,低风险,20.0
735,低风险,0.0
10393,低风险,28.0
781,低风险,18.0
3843,低风险,0.0
5283,低风险,35.0
8955,低风险,28.0
555,低风险,0.0
5368,低风险,28.0
2319,低风险,0.0
5922,低风险,35.0
3746,低风险,20.0
5911,低风险,0.0
7725,低风险,0.0
162,低风险,18.0
4207,低风险,0.0
10878,低风险,0.0
10076,低风险,35.0
5730,低风险,20.0
10621,低风险,35.0
9026,低风险,18.0
1068,低风险,35.0
5630,低风险,28.0
1941,低风险,35.0
2795,低风险,18.0
3334,低风险,35.0
4210,低风险,35.0
1467,低风险,20.0
5933,低风险,0.0
8559,低风险,35.0
4283,低风险,28.0
5044,低风险,35.0
875,低风险,35.0
5386,低风险,35.0
166,低风险,0.0
1207,低风险,35.0
2619,低风险,35.0
6753,低风险,0.0
5147,低风险,35.0
3858,低风险,28.0
8026,低风险,18.0
2322,低风险,10.0
5621,低风险,35.0
9188,低风险,35.0
5038,低风险,35.0
10275,低风险,0.0
10069,低风险,35.0
714,低风险,35.0
7799,低风险,10.0
5720,低风险,28.0
5644,低风险,35.0
6628,低风险,28.0
10571,低风险,28.0
10567,低风险,10.0
4221,低风险,10.0
730,低风险,40.0
3703,低风险,40.0
996,低风险,20.0
5884,低风险,35.0
5464,低风险,35.0
10972,低风险,28.0
1937,低风险,10.0
10665,低风险,10.0
3980,低风险,35.0
7314,低风险,35.0
9025,低风险,0.0
7611,低风险,35.0
4832,低风险,10.0
7845,低风险,28.0
158,低风险,28.0
10377,低风险,35.0
1023,低风险,18.0
9127,低风险,35.0
1032,低风险,18.0
1211,低风险,10.0
9703,低风险,35.0
5623,低风险,35.0
10128,低风险,35.0
4729,低风险,28.0
1915,低风险,35.0
4225,低风险,35.0
3174,低风险,28.0
1796,低风险,35.0
1283,低风险,28.0
9030,低风险,35.0
10869,低风险,20.0
9697,低风险,0.0
146,低风险,28.0
7567,低风险,28.0
1317,低风险,28.0
10114,低风险,0.0
4075,低风险,28.0
10579,低风险,35.0
336,低风险,35.0
10381,低风险,35.0
5908,低风险,35.0
5252,低风险,35.0
8956,低风险,0.0
1289,低风险,35.0
8211,低风险,0.0
2174,低风险,20.0
9706,低风险,0.0
581,低风险,20.0
7136,低风险,0.0
10883,低风险,35.0
1640,低风险,35.0
2613,低风险,10.0
2852,低风险,35.0
8042,低风险,35.0
1227,低风险,18.0
5724,低风险,35.0
3747,低风险,35.0
2689,低风险,35.0
6418,低风险,35.0
7556,低风险,35.0
966,低风险,35.0
8034,低风险,28.0
1931,低风险,35.0
7620,低风险,35.0
5383,低风险,0.0
3823,低风险,35.0
7945,低风险,35.0
7713,低风险,35.0
5258,低风险,10.0
5161,低风险,28.0
9974,低风险,28.0
4214,低风险,35.0
6438,低风险,35.0
10380,低风险,0.0
1803,低风险,35.0
5049,低风险,0.0
147,低风险,20.0
3866,低风险,35.0
3976,低风险,35.0
501,低风险,0.0
5151,低风险,35.0
2792,低风险,35.0
10613,低风险,35.0
1926,低风险,0.0
8030,低风险,35.0
1470,低风险,18.0
1080,低风险,35.0
406,低风险,0.0
1027,低风险,10.0
2059,低风险,18.0
3307,低风险,20.0
1973,低风险,0.0
9704,低风险,0.0
8443,低风险,18.0
3988,低风险,35.0
1295,低风险,28.0
4522,低风险,20.0
5291,低风险,20.0
7601,低风险,0.0
5284,低风险,35.0
10558,低风险,35.0
1912,低风险,28.0
3323,低风险,28.0
2600,低风险,35.0
5642,低风险,35.0
8200,低风险,35.0
5631,低风险,20.0
3589,低风险,0.0
8431,低风险,10.0
6397,低风险,10.0
580,低风险,18.0
7973,低风险,18.0
10435,低风险,0.0
4931,低风险,35.0
5889,低风险,28.0
1918,低风险,35.0
2951,低风险,35.0
3834,低风险,35.0
152,低风险,0.0
10950,低风险,35.0
7675,低风险,18.0
6892,低风险,35.0
10885,低风险,35.0
3709,低风险,35.0
2687,低风险,35.0
10394,低风险,35.0
3348,低风险,8.0
6819,低风险,20.0
4454,低风险,0.0
2499,低风险,35.0
7301,低风险,35.0
9646,低风险,0.0
7971,低风险,35.0
1286,低风险,28.0
10387,低风险,35.0
1291,低风险,35.0
3175,低风险,0.0
6051,低风险,35.0
2628,低风险,28.0
466,低风险,28.0
3409,低风险,0.0
4842,低风险,8.0
659,低风险,0.0
550,低风险,28.0
4840,低风险,10.0
22,低风险,28.0
8032,低风险,35.0
6828,低风险,28.0
10081,低风险,35.0
3403,低风险,20.0
2304,低风险,28.0
9443,低风险,0.0
4286,低风险,35.0
4918,低风险,35.0
3743,低风险,35.0
9931,低风险,28.0
1333,低风险,35.0
8852,低风险,35.0
1329,低风险,35.0
5734,低风险,35.0
1073,低风险,35.0
5122,低风险,0.0
4735,低风险,35.0
6883,低风险,35.0
1011,低风险,35.0
5160,低风险,10.0
1785,低风险,35.0
5918,低风险,35.0
1511,低风险,35.0
4992,低风险,18.0
6747,低风险,35.0
1300,低风险,35.0
9971,低风险,35.0
10668,低风险,0.0
10095,低风险,35.0
3996,低风险,10.0
5893,低风险,35.0
10281,低风险,10.0
6411,低风险,35.0
664,低风险,20.0
5033,低风险,28.0
4741,低风险,35.0
2639,低风险,18.0
9639,低风险,20.0
5584,低风险,35.0
3842,低风险,35.0
6402,低风险,18.0
2589,低风险,0.0
7569,低风险,18.0
3857,低风险,35.0
8538,低风险,35.0
3430,低风险,18.0
10261,低风险,20.0
4965,低风险,20.0
6835,低风险,35.0
10970,低风险,28.0
8970,低风险,18.0
7560,低风险,35.0
5043,低风险,35.0
3332,低风险,35.0
4953,低风险,0.0
9019,低风险,18.0
10967,低风险,35.0
4000,低风险,35.0
5285,低风险,35.0
4671,低风险,35.0
5910,低风险,35.0
1299,低风险,18.0
2813,低风险,18.0
7716,低风险,35.0
5898,低风险,0.0
8951,低风险,35.0
9029,低风险,35.0
3624,低风险,0.0
5249,低风险,28.0
7962,低风险,35.0
9709,低风险,35.0
23,低风险,35.0
9119,低风险,35.0
3805,低风险,20.0
4661,低风险,35.0
5019,低风险,35.0
5011,低风险,10.0
9791,低风险,35.0
8542,低风险,35.0
472,低风险,35.0
7846,低风险,35.0
8834,低风险,35.0
9420,低风险,20.0
4078,低风险,35.0
9024,低风险,28.0
3432,低风险,35.0
1629,低风险,35.0
2998,低风险,35.0
3177,低风险,35.0
2605,低风险,28.0
4958,低风险,18.0
5259,低风险,35.0
2694,低风险,28.0
729,低风险,35.0
10103,低风险,20.0
732,低风险,28.0
2789,低风险,28.0
1934,低风险,35.0
5876,低风险,0.0
10371,低风险,35.0
7562,低风险,35.0
10277,低风险,35.0
3852,低风险,18.0
2183,低风险,20.0
4915,低风险,35.0
10002,低风险,35.0
6952,低风险,0.0
5907,低风险,35.0
4077,低风险,28.0
9638,低风险,0.0
2602,低风险,8.0
10875,低风险,35.0
9445,低风险,20.0
1297,低风险,20.0
1013,低风险,35.0
8309,低风险,35.0
725,低风险,28.0
4913,低风险,35.0
3739,低风险,35.0
5014,低风险,0.0
662,低风险,28.0
9034,低风险,35.0
4853,低风险,35.0
2177,低风险,10.0
6135,低风险,35.0
2230,低风险,18.0
4510,低风险,0.0
6799,低风险,0.0
10905,低风险,18.0
6793,低风险,0.0
1325,低风险,35.0
7139,低风险,10.0
8837,低风险,0.0
7943,低风险,35.0
1307,低风险,35.0
958,低风险,28.0
3862,低风险,35.0
546,低风险,35.0
3491,低风险,0.0
4668,低风险,0.0
5380,低风险,35.0
2302,低风险,35.0
474,低风险,0.0
10633,低风险,35.0
10507,低风险,28.0
10505,低风险,35.0
10272,低风险,28.0
10565,低风险,0.0
5028,低风险,35.0
3401,低风险,0.0
10278,低风险,35.0
10438,低风险,0.0
3318,低风险,0.0
7956,低风险,35.0
9413,低风险,35.0
8413,低风险,35.0
6889,低风险,10.0
5613,低风险,35.0
7718,低风险,0.0
3836,低风险,35.0
6804,低风险,0.0
5154,低风险,35.0
10964,低风险,10.0
6954,低风险,35.0
8418,低风险,28.0
5296,低风险,10.0
10131,低风险,0.0
5935,低风险,35.0
1908,低风险,35.0
6795,低风险,18.0
5618,低风险,28.0
3736,低风险,10.0
2781,低风险,35.0
9425,低风险,20.0
5891,低风险,35.0
4517,低风险,35.0
6146,低风险,35.0
4937,低风险,35.0
6872,低风险,0.0
3263,低风险,28.0
3998,低风险,35.0
9482,低风险,35.0
1079,低风险,35.0
1787,低风险,0.0
953,低风险,35.0
8434,低风险,0.0
5470,低风险,0.0
9117,低风险,35.0
9114,低风险,35.0
7968,低风险,35.0
363,低风险,28.0
10874,低风险,10.0
4665,低风险,35.0
8069,低风险,0.0
5140,低风险,0.0
5242,低风险,35.0
80,低风险,20.0
5226,低风险,0.0
541,低风险,0.0
1799,低风险,28.0
6605,低风险,35.0
9695,低风险,35.0
4274,低风险,28.0
728,低风险,0.0
7307,低风险,28.0
8782,低风险,28.0
5841,低风险,0.0
5927,低风险,0.0
11070,低风险,35.0
2699,低风险,10.0
5288,低风险,28.0
459,低风险,35.0
7972,低风险,35.0
5149,低风险,28.0
6361,低风险,35.0
10562,低风险,35.0
1330,低风险,28.0
3856,低风险,28.0
7721,低风险,35.0
665,低风险,10.0
2854,低风险,10.0
2534,低风险,18.0
653,低风险,0.0
6258,低风险,35.0
6608,低风险,35.0
961,低风险,0.0
5373,低风险,35.0
1225,低风险,0.0
1923,低风险,35.0
3404,低风险,35.0
733,低风险,35.0
4922,低风险,35.0
8781,低风险,0.0
1030,低风险,35.0
7312,低风险,28.0
5035,低风险,35.0
8031,低风险,18.0
2801,低风险,18.0
8543,低风险,35.0
4851,低风险,35.0
867,低风险,10.0
5632,低风险,18.0
3173,低风险,28.0
3582,低风险,18.0
3165,低风险,35.0
8558,低风险,25.0
2593,低风险,0.0
1070,低风险,35.0
6407,低风险,35.0
2335,低风险,0.0
6805,低风险,25.0
8198,低风险,10.0
5638,低风险,0.0
10256,低风险,0.0
7639,低风险,20.0
3871,低风险,35.0
2688,低风险,35.0
4908,低风险,35.0
2510,低风险,0.0
7952,低风险,0.0
1643,低风险,35.0
2952,低风险,0.0
3251,低风险,28.0
4291,低风险,35.0
5585,低风险,0.0
5360,低风险,28.0
5929,低风险,18.0
1319,低风险,35.0
5398,低风险,35.0
9965,低风险,35.0
6898,低风险,28.0
8839,低风险,35.0
5022,低风险,35.0
9124,低风险,10.0
3992,低风险,0.0
6820,低风险,0.0
7621,低风险,0.0
4733,低风险,20.0
4831,低风险,18.0
7794,低风险,0.0
6130,低风险,18.0
7977,低风险,20.0
4750,低风险,20.0
3845,低风险,35.0
5401,低风险,35.0
4344,低风险,10.0
1786,低风险,35.0
5877,低风险,35.0
10572,低风险,35.0
6421,低风险,35.0
7796,低风险,35.0
10265,低风险,35.0
10276,低风险,0.0
4456,低风险,8.0
35,低风险,10.0
7143,低风险,28.0
2301,低风险,10.0
5152,低风险,35.0
4360,低风险,20.0
9032,低风险,28.0
6894,低风险,10.0
538,低风险,35.0
4856,低风险,35.0
9195,低风险,35.0
8947,低风险,0.0
673,低风险,18.0
5163,低风险,0.0
4084,低风险,28.0
8601,低风险,0.0
10870,低风险,35.0
9003,低风险,0.0
9189,低风险,20.0
6062,低风险,35.0
3997,低风险,35.0
8202,低风险,10.0
5387,低风险,28.0
8164,低风险,20.0
1273,低风险,35.0
8590,低风险,10.0
7934,低风险,28.0
1219,低风险,28.0
1305,低风险,35.0
8779,低风险,0.0
2591,低风险,20.0
7787,低风险,35.0
2317,低风险,35.0
10634,低风险,0.0
5399,低风险,28.0
1294,低风险,35.0
6053,低风险,35.0
7294,低风险,28.0
651,低风险,18.0
6617,低风险,28.0
6861,低风险,28.0
8437,低风险,0.0
7607,低风险,28.0
2527,低风险,8.0
7969,低风险,28.0
644,低风险,0.0
7940,低风险,10.0
5372,低风险,35.0
10879,低风险,35.0
6781,低风险,0.0
9694,低风险,35.0
11072,低风险,28.0
10378,低风险,35.0
4941,低风险,18.0
2630,低风险,20.0
7614,低风险,35.0
9017,低风险,35.0
221,低风险,35.0
1512,低风险,10.0
10564,低风险,35.0
8040,低风险,35.0
4736,低风险,10.0
8950,低风险,35.0
6432,低风险,0.0
10372,低风险,35.0
6428,低风险,35.0
3344,低风险,35.0
3817,低风险,10.0
5900,低风险,35.0
1020,低风险,28.0
4864,低风险,0.0
5906,低风险,28.0
5619,低风险,28.0
10881,低风险,18.0
4857,低风险,20.0
8191,低风险,35.0
4197,低风险,10.0
5895,低风险,35.0
6622,低风险,0.0
8192,低风险,35.0
11074,低风险,35.0
8070,低风险,28.0
4835,低风险,0.0
4846,低风险,0.0
1206,低风险,35.0
6812,低风险,28.0
3496,低风险,0.0
10890,低风险,0.0
9978,低风险,28.0
7727,低风险,35.0
8312,低风险,35.0
6401,低风险,35.0
3414,低风险,35.0
5735,低风险,35.0
3728,低风险,35.0
10112,低风险,35.0
962,低风险,0.0
2543,低风险,35.0
4652,低风险,28.0
7723,低风险,35.0
9919,低风险,18.0
1641,低风险,0.0
4660,低风险,35.0
8074,低风险,28.0
9784,低风险,35.0
9028,低风险,10.0
2300,低风险,35.0
4945,低风险,0.0
1171,低风险,10.0
5030,低风险,28.0
4373,低风险,20.0
7619,低风险,28.0
6367,低风险,35.0
6623,低风险,35.0
6625,低风险,20.0
4743,低风险,0.0
3355,低风险,0.0
7299,低风险,0.0
10667,低风险,35.0
10976,低风险,35.0
6750,低风险,0.0
10267,低风险,20.0
4934,低风险,35.0
8422,低风险,28.0
9007,低风险,35.0
7609,低风险,10.0
9037,低风险,35.0
3428,低风险,10.0
10266,低风险,0.0
8599,低风险,0.0
8547,低风险,35.0
471,低风险,0.0
5292,低风险,20.0
6404,低风险,25.0
8847,低风险,35.0
3156,低风险,28.0
2615,低风险,25.0
10109,低风险,35.0
10077,低风险,35.0
6414,低风险,35.0
10629,低风险,35.0
4216,低风险,35.0
5029,低风险,35.0
6782,低风险,28.0
720,低风险,28.0
11066,低风险,35.0
2816,低风险,0.0
10515,低风险,0.0
4285,低风险,0.0
10100,低风险,28.0
11075,低风险,35.0
338,低风险,35.0
9031,低风险,35.0
6613,低风险,10.0
1631,低风险,35.0
4466,低风险,28.0
6140,低风险,35.0
4465,低风险,0.0
4290,低风险,0.0
6951,低风险,10.0
4903,低风险,28.0
10026,低风险,0.0
6612,低风险,18.0
4833,低风险,35.0
5255,低风险,35.0
4667,低风险,35.0
2614,低风险,35.0
649,低风险,35.0
2796,低风险,35.0
6408,低风险,0.0
783,低风险,18.0
8420,低风险,35.0
8785,低风险,0.0
8071,低风险,28.0
3612,低风险,35.0
3732,低风险,35.0
4076,低风险,35.0
3844,低风险,35.0
1222,低风险,35.0
10084,低风险,35.0
957,低风险,35.0
7941,低风险,18.0
8539,低风险,35.0
5282,低风险,35.0
5146,低风险,10.0
143,低风险,35.0
2791,低风险,35.0
7300,低风险,28.0
4551,低风险,0.0
7823,低风险,0.0
8633,低风险,0.0
2254,低风险,0.0
2474,低风险,20.0
699,低风险,0.0
1090,高风险,40.0
9560,低风险,0.0
4548,低风险,10.0
7465,低风险,10.0
10164,低风险,20.0
7281,低风险,18.0
8392,低风险,0.0
2216,低风险,0.0
6908,低风险,18.0
7480,低风险,35.0
2463,低风险,20.0
3938,低风险,0.0
1984,低风险,0.0
7450,低风险,20.0
2087,低风险,20.0
6504,低风险,0.0
2444,低风险,0.0
10775,低风险,20.0
6174,低风险,20.0
4772,低风险,0.0
7729,低风险,20.0
5747,低风险,0.0
7830,低风险,18.0
4582,低风险,0.0
8674,低风险,0.0
10821,低风险,28.0
9435,低风险,0.0
7349,低风险,20.0
7185,低风险,10.0
521,低风险,0.0
3635,低风险,28.0
8400,低风险,0.0
10814,高风险,40.0
1039,低风险,28.0
11045,低风险,0.0
4792,低风险,10.0
4812,低风险,0.0
4115,低风险,0.0
6913,低风险,20.0
1846,低风险,20.0
10311,低风险,0.0
3048,低风险,20.0
7472,低风险,0.0
1142,低风险,0.0
4817,低风险,0.0
6100,低风险,20.0
6482,低风险,20.0
8387,低风险,10.0
5523,低风险,0.0
5312,低风险,28.0
4486,低风险,20.0
9428,低风险,0.0
6475,低风险,20.0
6216,低风险,20.0
6385,低风险,20.0
10847,低风险,20.0
1838,低风险,0.0
10720,低风险,20.0
2460,低风险,0.0
6691,低风险,20.0
9355,低风险,0.0
4416,低风险,18.0
9334,低风险,20.0
9497,低风险,20.0
6159,低风险,10.0
5136,低风险,35.0
2255,低风险,0.0
3081,低风险,35.0
8818,低风险,20.0
3568,低风险,20.0
6268,低风险,0.0
7543,低风险,0.0
6496,低风险,20.0
2284,低风险,0.0
7452,低风险,0.0
8610,低风险,20.0
5407,低风险,0.0
7462,低风险,10.0
1134,低风险,0.0
1564,低风险,0.0
10229,低风险,0.0
10304,低风险,0.0
6327,低风险,10.0
5826,低风险,20.0
3762,低风险,10.0
10008,低风险,10.0
1837,低风险,20.0
3088,低风险,0.0
8488,低风险,20.0
9257,低风险,0.0
8407,低风险,0.0
4005,低风险,0.0
1689,低风险,10.0
5829,低风险,10.0
7286,低风险,0.0
904,低风险,20.0
2683,低风险,0.0
8814,低风险,0.0
8497,低风险,0.0
7131,低风险,20.0
2924,低风险,20.0
1560,低风险,0.0
2879,低风险,0.0
8237,低风险,18.0
6443,低风险,20.0
7125,低风险,20.0
10210,低风险,0.0
7514,低风险,0.0
526,低风险,0.0
8789,低风险,0.0
5418,低风险,8.0
737,低风险,0.0
743,低风险,0.0
1144,低风险,20.0
2287,低风险,0.0
11044,低风险,20.0
8268,低风险,0.0
7834,低风险,0.0
4478,低风险,0.0
1575,低风险,0.0
7091,低风险,0.0
9340,低风险,20.0
324,低风险,10.0
519,低风险,0.0
8662,低风险,10.0
2579,低风险,0.0
1748,低风险,0.0
3899,低风险,0.0
6526,低风险,10.0
2077,低风险,20.0
2676,低风险,0.0
6489,低风险,20.0
5685,低风险,10.0
10347,低风险,10.0
4583,高风险,40.0
8360,低风险,35.0
4868,低风险,0.0
10212,低风险,0.0
3361,低风险,18.0
5533,低风险,0.0
6493,低风险,20.0
3690,低风险,25.0
6016,低风险,0.0
9252,低风险,10.0
5741,低风险,0.0
4420,低风险,20.0
10230,低风险,0.0
6547,低风险,0.0
7447,低风险,18.0
1123,低风险,28.0
10407,低风险,28.0
1114,低风险,20.0
6328,低风险,0.0
9350,低风险,20.0
9558,低风险,8.0
10007,低风险,28.0
7024,低风险,28.0
5417,低风险,28.0
7547,低风险,0.0
491,低风险,20.0
946,低风险,20.0
2450,低风险,20.0
9250,低风险,10.0
10747,低风险,28.0
1880,低风险,0.0
2555,低风险,10.0
761,低风险,0.0
8133,低风险,0.0
2208,低风险,18.0
9142,低风险,0.0
5452,低风险,0.0
6332,低风险,20.0
804,低风险,20.0
4805,低风险,20.0
10929,低风险,0.0
1552,低风险,0.0
9523,低风险,0.0
3364,低风险,0.0
6932,低风险,0.0
2461,低风险,0.0
4767,低风险,0.0
908,低风险,20.0
8661,低风险,0.0
6630,低风险,0.0
1119,低风险,28.0
1724,低风险,20.0
896,低风险,20.0
8254,低风险,0.0
1430,低风险,0.0
2647,低风险,0.0
6012,低风险,0.0
1881,低风险,0.0
9251,低风险,18.0
10343,低风险,0.0
4703,低风险,20.0
7522,低风险,20.0
8116,低风险,0.0
529,低风险,0.0
766,低风险,28.0
9590,低风险,0.0
10213,低风险,0.0
5091,低风险,0.0
9774,低风险,0.0
1573,低风险,0.0
8741,低风险,0.0
5455,低风险,20.0
6116,低风险,20.0
9572,低风险,0.0
7234,低风险,28.0
6450,低风险,28.0
6456,低风险,0.0
4524,低风险,0.0
5095,低风险,28.0
3030,低风险,20.0
916,低风险,0.0
10827,低风险,35.0
6687,低风险,20.0
10044,低风险,0.0
8806,低风险,20.0
3569,低风险,10.0
7809,低风险,0.0
2198,低风险,28.0
3754,低风险,18.0
912,低风险,0.0
8615,低风险,20.0
4688,低风险,20.0
5449,低风险,18.0
8735,低风险,8.0
321,低风险,20.0
3694,低风险,28.0
6172,低风险,10.0
10743,低风险,35.0
4976,低风险,0.0
6541,低风险,28.0
1763,低风险,0.0
4408,低风险,0.0
8895,低风险,0.0
10014,低风险,0.0
6113,低风险,8.0
2710,低风险,0.0
7083,低风险,20.0
4155,低风险,20.0
1879,低风险,28.0
890,低风险,0.0
4579,低风险,20.0
9561,低风险,0.0
2210,低风险,18.0
7246,低风险,0.0
4241,低风险,0.0
8896,低风险,0.0
5084,低风险,0.0
7667,低风险,10.0
10154,低风险,10.0
9354,低风险,0.0
3025,低风险,0.0
7231,低风险,28.0
9366,低风险,18.0
5500,低风险,0.0
9578,低风险,0.0
8125,低风险,0.0
1034,低风险,28.0
746,低风险,0.0
7068,低风险,20.0
3372,低风险,35.0
9156,低风险,20.0
2277,低风险,10.0
3652,低风险,0.0
7745,低风险,0.0
1133,低风险,0.0
420,低风险,20.0
10402,低风险,0.0
1781,低风险,28.0
9269,低风险,28.0
8485,低风险,0.0
3052,低风险,0.0
7084,低风险,0.0
8671,低风险,10.0
7817,低风险,35.0
3940,低风险,20.0
3063,低风险,35.0
8659,低风险,0.0
2559,低风险,0.0
376,低风险,8.0
5428,低风险,10.0
1559,低风险,0.0
4878,低风险,0.0
5411,低风险,28.0
1425,低风险,20.0
7526,低风险,8.0
5942,低风险,0.0
2948,低风险,20.0
7317,低风险,28.0
5686,低风险,0.0
9576,低风险,0.0
9495,低风险,35.0
1093,低风险,0.0
8914,低风险,20.0
3051,低风险,0.0
5421,低风险,0.0
6168,低风险,28.0
3435,低风险,28.0
6675,低风险,28.0
10805,低风险,10.0
936,低风险,0.0
7130,低风险,20.0
1958,低风险,0.0
8620,低风险,10.0
6001,低风险,0.0
8672,低风险,28.0
10812,低风险,0.0
1258,低风险,20.0
8744,低风险,35.0
1102,低风险,0.0
897,低风险,0.0
6917,低风险,0.0
5433,低风险,20.0
8129,低风险,28.0
2280,低风险,20.0
10408,低风险,20.0
7529,低风险,35.0
9747,低风险,10.0
10198,低风险,35.0
10144,低风险,35.0
2838,低风险,0.0
10233,低风险,10.0
3449,低风险,20.0
5311,低风险,28.0
7048,低风险,0.0
8663,低风险,18.0
8863,低风险,0.0
10221,低风险,10.0
4160,低风险,8.0
69,低风险,0.0
8274,低风险,10.0
10928,低风险,18.0
1680,低风险,35.0
3696,低风险,20.0
8463,低风险,28.0
2583,低风险,10.0
10930,低风险,20.0
3920,低风险,0.0
10006,低风险,0.0
5748,低风险,10.0
8399,低风险,20.0
2566,低风险,0.0
4119,低风险,0.0
10458,低风险,10.0
10777,低风险,20.0
9519,低风险,20.0
9553,低风险,0.0
2396,低风险,18.0
3934,低风险,0.0
8635,低风险,0.0
6163,低风险,10.0
1842,低风险,28.0
6924,低风险,10.0
3942,低风险,10.0
5831,低风险,35.0
4405,低风险,10.0
7385,低风险,0.0
2221,低风险,20.0
1259,低风险,10.0
2076,低风险,8.0
6120,低风险,8.0
5738,低风险,28.0
6521,低风险,20.0
4243,低风险,28.0
3434,低风险,20.0
4866,低风险,35.0
6276,低风险,0.0
8115,低风险,0.0
8474,低风险,0.0
10196,低风险,10.0
4807,低风险,0.0
10925,低风险,0.0
494,低风险,0.0
2204,低风险,10.0
9587,低风险,0.0
1759,低风险,0.0
8730,低风险,35.0
2459,低风险,28.0
9557,低风险,35.0
2557,低风险,35.0
9743,低风险,35.0
4449,低风险,10.0
3752,低风险,28.0
4399,低风险,35.0
2928,低风险,10.0
7527,低风险,0.0
10223,低风险,28.0
10828,低风险,20.0
2085,低风险,0.0
5524,低风险,28.0
8729,低风险,0.0
8511,低风险,0.0
6371,低风险,20.0
3891,低风险,18.0
8271,低风险,20.0
5504,低风险,35.0
1131,低风险,10.0
2572,低风险,18.0
10997,低风险,10.0
6092,低风险,20.0
478,低风险,28.0
7249,低风险,0.0
7022,低风险,0.0
6372,低风险,20.0
4003,低风险,28.0
6549,低风险,0.0
2279,低风险,0.0
2939,低风险,20.0
7448,低风险,35.0
3105,低风险,0.0
6918,低风险,0.0
4781,低风险,28.0
4774,低风险,0.0
8366,低风险,0.0
9370,低风险,0.0
4477,低风险,18.0
5946,低风险,0.0
4240,低风险,20.0
3931,低风险,35.0
6334,低风险,10.0
7595,低风险,35.0
4867,低风险,0.0
8359,低风险,0.0
5527,低风险,20.0
6546,低风险,10.0
8481,低风险,0.0
518,低风险,0.0
8476,低风险,0.0
10758,低风险,0.0
10830,低风险,28.0
4545,低风险,35.0
6126,低风险,35.0
8510,低风险,28.0
10226,低风险,28.0
4865,低风险,8.0
1437,低风险,20.0
7053,低风险,0.0
3508,低风险,35.0
3442,低风险,0.0
6931,低风险,10.0
7233,低风险,0.0
3915,低风险,28.0
8509,低风险,10.0
7668,低风险,0.0
10605,低风险,10.0
5530,低风险,10.0
10748,低风险,28.0
10156,低风险,0.0
9763,低风险,28.0
1684,低风险,0.0
6197,低风险,20.0
5098,低风险,0.0
1562,低风险,0.0
2458,低风险,10.0
9489,低风险,8.0
706,低风险,0.0
8742,低风险,0.0
7076,低风险,0.0
6929,低风险,0.0
6343,低风险,20.0
3439,低风险,20.0
7085,低风险,20.0
10395,低风险,28.0
3697,低风险,10.0
2655,低风险,0.0
5075,低风险,20.0
3911,低风险,28.0
7101,低风险,0.0
8361,低风险,10.0
3910,低风险,35.0
1256,高风险,40.0
1455,低风险,0.0
6386,低风险,0.0
298,低风险,0.0
9779,低风险,10.0
768,低风险,35.0
4481,低风险,35.0
311,低风险,20.0
5134,低风险,20.0
10834,低风险,35.0
1135,低风险,0.0
10606,低风险,20.0
3939,低风险,28.0
6177,低风险,18.0
3022,低风险,20.0
6676,低风险,35.0
2944,低风险,28.0
3058,低风险,0.0
6567,低风险,0.0
6550,低风险,20.0
10169,低风险,18.0
8395,低风险,20.0
6488,低风险,20.0
753,低风险,0.0
7464,低风险,0.0
4980,低风险,28.0
4888,低风险,8.0
7049,低风险,0.0
10318,低风险,10.0
4485,低风险,10.0
4825,低风险,28.0
3890,低风险,0.0
10397,低风险,0.0
10016,低风险,20.0
3104,低风险,28.0
10945,低风险,10.0
6524,低风险,0.0
7531,低风险,0.0
5948,低风险,35.0
1567,低风险,35.0
60,低风险,18.0
1436,低风险,18.0
2646,低风险,35.0
3687,低风险,0.0
6562,低风险,28.0
4440,低风险,0.0
2709,低风险,18.0
7023,低风险,0.0
6636,低风险,0.0
10225,低风险,10.0
10596,低风险,0.0
2395,低风险,0.0
8857,低风险,0.0
2393,低风险,0.0
9555,低风险,8.0
7232,低风险,28.0
5497,低风险,0.0
7064,低风险,28.0
5318,低风险,0.0
7460,低风险,8.0
3510,低风险,28.0
2554,低风险,35.0
10050,低风险,35.0
8638,低风险,35.0
70,低风险,20.0
1058,低风险,0.0
1956,低风险,35.0
6180,低风险,28.0
2281,低风险,18.0
9346,低风险,20.0
2084,低风险,28.0
2228,低风险,0.0
8639,低风险,20.0
2930,低风险,20.0
4163,低风险,28.0
4986,低风险,35.0
10810,低风险,20.0
3023,低风险,20.0
10400,低风险,8.0
7031,低风险,0.0
9577,低风险,10.0
8117,低风险,10.0
10201,低风险,18.0
8810,低风险,28.0
52,低风险,8.0
9342,低风险,35.0
10590,低风险,0.0
3893,低风险,0.0
10042,低风险,0.0
9273,低风险,28.0
790,低风险,20.0
6498,低风险,8.0
7488,低风险,35.0
2226,低风险,0.0
6005,低风险,0.0
5087,低风险,20.0
9567,低风险,35.0
760,低风险,20.0
738,低风险,0.0
6544,低风险,0.0
1736,低风险,0.0
1832,低风险,0.0
10470,低风险,0.0
7229,低风险,20.0
7477,低风险,20.0
3897,低风险,10.0
8856,低风险,0.0
8665,低风险,10.0
51,低风险,28.0
3086,低风险,28.0
8860,低风险,10.0
4156,低风险,0.0
6215,低风险,20.0
3627,低风险,28.0
7657,低风险,20.0
9491,低风险,10.0
3445,低风险,35.0
1260,低风险,28.0
10755,低风险,28.0
9570,低风险,0.0
5093,低风险,20.0
703,低风险,0.0
7343,低风险,20.0
9265,低风险,0.0
9554,低风险,28.0
8251,低风险,0.0
901,低风险,20.0
884,低风险,28.0
7826,低风险,28.0
8099,低风险,0.0
1094,低风险,20.0
3637,低风险,28.0
7069,低风险,8.0
8504,低风险,35.0
10770,低风险,0.0
3941,低风险,0.0
1147,低风险,28.0
8464,低风险,28.0
5305,低风险,20.0
1777,低风险,20.0
2218,低风险,10.0
5681,低风险,18.0
5422,低风险,0.0
6219,低风险,0.0
6106,低风险,0.0
5102,低风险,20.0
3638,低风险,0.0
1051,低风险,0.0
8478,低风险,28.0
1765,低风险,20.0
3895,低风险,25.0
7476,低风险,0.0
1536,低风险,20.0
10013,低风险,35.0
4707,低风险,0.0
9436,低风险,20.0
4983,低风险,0.0
4694,低风险,0.0
932,低风险,10.0
4763,低风险,0.0
3096,低风险,20.0
895,低风险,0.0
4010,低风险,0.0
9271,低风险,20.0
877,低风险,0.0
3567,低风险,35.0
6448,低风险,0.0
7100,低风险,0.0
10193,低风险,18.0
4231,低风险,0.0
2285,低风险,18.0
2679,低风险,0.0
1738,低风险,20.0
705,低风险,28.0
5943,低风险,10.0
4161,低风险,0.0
5090,低风险,0.0
5068,低风险,0.0
9147,低风险,20.0
9140,低风险,20.0
4820,低风险,0.0
6468,低风险,0.0
1267,低风险,0.0
4601,低风险,0.0
919,低风险,0.0
6688,低风险,28.0
1782,低风险,28.0
9758,低风险,0.0
5941,低风险,0.0
6906,低风险,20.0
3440,低风险,0.0
10308,低风险,20.0
9379,低风险,20.0
4689,低风险,0.0
8484,低风险,0.0
2219,低风险,0.0
10843,低风险,20.0
6936,低风险,0.0
5442,低风险,20.0
8907,低风险,28.0
10825,低风险,10.0
4129,低风险,20.0
4439,低风险,0.0
10157,低风险,10.0
5408,低风险,0.0
6497,低风险,0.0
4883,低风险,35.0
1423,低风险,18.0
8466,低风险,20.0
8100,低风险,18.0
303,低风险,0.0
11054,低风险,0.0
6015,低风险,18.0
10166,低风险,28.0
2833,低风险,0.0
9363,低风险,0.0
4880,低风险,28.0
7072,低风险,0.0
10228,低风险,0.0
9276,低风险,0.0
3645,低风险,0.0
922,低风险,20.0
5315,低风险,28.0
876,低风险,35.0
5420,低风险,0.0
2199,低风险,0.0
7593,低风险,0.0
1569,低风险,0.0
1571,低风险,18.0
5426,低风险,0.0
7026,低风险,0.0
7123,低风险,8.0
4598,低风险,0.0
744,低风险,10.0
5057,低风险,0.0
7812,低风险,0.0
751,低风险,0.0
4764,低风险,35.0
530,低风险,20.0
5088,低风险,0.0
1994,低风险,0.0
1553,低风险,0.0
7392,低风险,10.0
1446,低风险,18.0
2845,低风险,0.0
6384,低风险,18.0
8911,低风险,10.0
6093,低风险,20.0
1041,低风险,0.0
488,低风险,0.0
7288,低风险,0.0
6275,低风险,28.0
2846,低风险,20.0
7041,低风险,0.0
10159,低风险,35.0
6672,低风险,0.0
9574,低风险,0.0
1445,低风险,18.0
9524,低风险,0.0
7831,低风险,0.0
9378,低风险,28.0
1551,低风险,28.0
4121,低风险,0.0
1056,低风险,0.0
6153,低风险,28.0
10216,低风险,28.0
9527,低风险,20.0
5313,低风险,28.0
4686,低风险,0.0
6632,低风险,10.0
4421,低风险,0.0
3059,低风险,0.0
9744,低风险,8.0
6195,低风险,10.0
1097,低风险,28.0
1681,低风险,0.0
6161,低风险,20.0
482,低风险,28.0
2759,低风险,0.0
10780,低风险,10.0
2768,低风险,35.0
7241,低风险,0.0
7193,低风险,28.0
10607,低风险,28.0
8256,低风险,20.0
915,低风险,10.0
7244,低风险,18.0
6212,低风险,28.0
6491,低风险,35.0
10215,低风险,0.0
4479,低风险,0.0
1156,低风险,20.0
5817,低风险,0.0
1985,低风险,0.0
5443,低风险,28.0
1986,低风险,28.0
8468,低风险,0.0
3572,低风险,35.0
933,低风险,0.0
3029,低风险,18.0
6523,低风险,35.0
4803,低风险,28.0
7520,低风险,20.0
1533,低风险,0.0
4782,低风险,0.0
8255,低风险,0.0
2556,低风险,10.0
10399,低风险,0.0
10297,低风险,10.0
3921,低风险,10.0
8788,低风险,0.0
9563,低风险,18.0
1154,低风险,0.0
5938,低风险,20.0
5415,低风险,0.0
7325,低风险,0.0
3074,低风险,0.0
7446,低风险,0.0
2773,低风险,10.0
3691,低风险,0.0
9488,低风险,0.0
4407,低风险,10.0
2478,低风险,0.0
9247,低风险,0.0
9525,低风险,35.0
4244,低风险,0.0
9515,低风险,28.0
2586,低风险,10.0
941,低风险,28.0
7050,低风险,28.0
7492,低风险,10.0
6382,低风险,20.0
9520,低风险,28.0
8104,低风险,28.0
3914,低风险,20.0
7467,低风险,10.0
4109,低风险,28.0
799,低风险,20.0
9345,低风险,18.0
380,低风险,0.0
2713,低风险,0.0
10820,低风险,28.0
2202,低风险,10.0
1130,低风险,28.0
6338,低风险,0.0
2207,低风险,0.0
9390,低风险,0.0
7453,低风险,0.0
5677,低风险,35.0
1679,低风险,0.0
523,低风险,0.0
5447,低风险,0.0
8391,低风险,0.0
7816,低风险,0.0
1677,低风险,35.0
3095,低风险,0.0
6209,低风险,0.0
8472,低风险,28.0
5821,低风险,18.0
2878,低风险,0.0
3045,低风险,10.0
11055,低风险,28.0
9749,低风险,10.0
3753,低风险,10.0
5105,低风险,18.0
1542,低风险,28.0
8482,低风险,28.0
299,低风险,28.0
10724,低风险,35.0
5066,低风险,0.0
2229,低风险,0.0
8905,低风险,28.0
1059,低风险,28.0
7181,低风险,0.0
10937,低风险,35.0
9581,低风险,20.0
9591,低风险,0.0
6528,低风险,0.0
6013,低风险,0.0
6460,低风险,35.0
8812,低风险,0.0
8105,低风险,20.0
2849,低风险,0.0
11042,低风险,35.0
6167,低风险,28.0
3565,低风险,28.0
2551,低风险,0.0
2665,低风险,0.0
6118,低风险,10.0
5956,低风险,28.0
2834,低风险,18.0
6471,低风险,18.0
7088,低风险,0.0
3764,低风险,0.0
7194,低风险,20.0
745,低风险,0.0
2880,低风险,18.0
2187,低风险,18.0
1874,低风险,18.0
7470,低风险,18.0
7813,低风险,0.0
8124,低风险,0.0
4092,低风险,10.0
6545,低风险,10.0
7384,低风险,10.0
5356,低风险,28.0
7449,低风险,18.0
6125,低风险,35.0
3695,低风险,35.0
10341,低风险,35.0
5405,低风险,18.0
3065,低风险,20.0
6509,低风险,28.0
1111,低风险,10.0
10829,低风险,0.0
5410,低风险,18.0
4776,低风险,35.0
7478,低风险,28.0
10593,低风险,28.0
8356,低风险,0.0
2192,低风险,28.0
4093,低风险,10.0
7747,低风险,20.0
7815,低风险,0.0
8629,低风险,0.0
1055,低风险,28.0
8408,低风险,10.0
1687,低风险,35.0
1572,低风险,8.0
4590,低风险,28.0
4875,低风险,20.0
5951,低风险,20.0
6671,低风险,0.0
4532,低风险,10.0
10737,低风险,0.0
4884,低风险,28.0
3761,低风险,0.0
8816,低风险,0.0
3759,低风险,18.0
9742,低风险,28.0
7104,低风险,28.0
10404,低风险,28.0
5947,低风险,0.0
3031,低风险,28.0
5138,低风险,0.0
7383,低风险,18.0
3689,低风险,0.0
10849,低风险,0.0
10235,低风险,0.0
5080,低风险,28.0
8745,低风险,20.0
9740,低风险,0.0
3922,低风险,0.0
4881,低风险,0.0
11013,低风险,20.0
7332,低风险,0.0
7065,低风险,0.0
10298,低风险,0.0
3027,低风险,10.0
2286,低风险,8.0
10168,低风险,8.0
5940,低风险,35.0
5451,低风险,35.0
6695,低风险,35.0
9556,低风险,0.0
7051,低风险,10.0
2196,低风险,28.0
6453,低风险,0.0
1774,低风险,20.0
5493,低风险,10.0
4473,低风险,0.0
8865,低风险,10.0
5818,低风险,18.0
4232,低风险,20.0
7528,低风险,0.0
3925,低风险,28.0
6485,低风险,28.0
6127,低风险,28.0
8114,低风险,20.0
5517,低风险,35.0
4484,低风险,0.0
9776,低风险,28.0
3649,低风险,28.0
2477,低风险,10.0
2190,低风险,35.0
6207,低风险,18.0
3760,低风险,0.0
4525,低风险,35.0
8101,低风险,35.0
1952,低风险,35.0
5303,低风险,35.0
6514,低风险,0.0
5510,低风险,0.0
6095,低风险,28.0
3369,低风险,35.0
2850,低风险,10.0
8792,低风险,0.0
9365,低风险,28.0
6494,低风险,0.0
2259,低风险,35.0
7833,低风险,10.0
6337,低风险,0.0
4471,低风险,28.0
6501,低风险,0.0
1159,低风险,0.0
1546,低风险,10.0
1421,低风险,10.0
58,低风险,35.0
9490,低风险,20.0
8636,低风险,10.0
10832,低风险,10.0
10046,低风险,28.0
9148,低风险,10.0
9145,低风险,28.0
4102,低风险,28.0
4128,低风险,28.0
6194,低风险,28.0
7750,低风险,0.0
1095,低风险,0.0
9151,低风险,35.0
5668,低风险,0.0
10839,低风险,0.0
8682,低风险,0.0
3892,低风险,28.0
8660,低风险,35.0
10603,低风险,35.0
7535,低风险,0.0
2462,低风险,35.0
4164,低风险,28.0
6444,低风险,35.0
7455,低风险,18.0
8628,低风险,35.0
10150,低风险,20.0
4556,低风险,0.0
5505,低风险,35.0
2251,低风险,35.0
3092,低风险,0.0
8681,低风险,35.0
5528,低风险,0.0
2447,低风险,28.0
3894,低风险,0.0
10609,低风险,0.0
4022,低风险,0.0
6533,低风险,28.0
9327,低风险,28.0
2468,低风险,0.0
7128,低风险,0.0
3109,低风险,0.0
4418,低风险,0.0
10153,低风险,0.0
4543,低风险,10.0
3064,低风险,20.0
6272,低风险,0.0
10854,低风险,10.0
5419,低风险,0.0
3507,低风险,20.0
1683,低风险,10.0
2716,低风险,20.0
3362,低风险,18.0
7052,低风险,0.0
10840,低风险,0.0
7103,低风险,10.0
6217,低风险,0.0
7032,低风险,28.0
8495,低风险,0.0
1441,低风险,28.0
3919,低风险,18.0
7513,低风险,20.0
5676,低风险,28.0
5439,低风险,0.0
7097,低风险,10.0
4535,低风险,0.0
4009,低风险,0.0
8462,低风险,35.0
2708,低风险,0.0
6210,低风险,0.0
1544,低风险,0.0
5999,低风险,0.0
6926,低风险,35.0
6681,低风险,10.0
10732,低风险,35.0
1729,低风险,20.0
4448,低风险,0.0
8916,低风险,0.0
6350,低风险,0.0
5431,低风险,28.0
5104,低风险,35.0
4578,低风险,28.0
1885,低风险,20.0
3693,低风险,35.0
10148,低风险,10.0
1447,低风险,0.0
6564,低风险,28.0
5094,低风险,28.0
480,低风险,0.0
8791,低风险,0.0
9750,低风险,18.0
4554,低风险,0.0
4441,低风险,0.0
1561,低风险,28.0
4002,低风险,35.0
4021,低风险,0.0
4533,低风险,20.0
3062,低风险,10.0
10756,低风险,0.0
5939,低风险,28.0
2668,低风险,28.0
3916,低风险,28.0
1744,低风险,35.0
10602,低风险,20.0
7523,低风险,0.0
7077,低风险,0.0
3561,低风险,28.0
6091,低风险,0.0
6554,低风险,28.0
2475,低风险,0.0
8677,低风险,0.0
6228,低风险,35.0
7542,低风险,28.0
6187,低风险,0.0
1754,低风险,28.0
1557,低风险,10.0
2670,低风险,20.0
8727,低风险,10.0
6469,低风险,0.0
2946,低风险,20.0
11061,低风险,28.0
48,低风险,0.0
3111,低风险,18.0
2004,低风险,35.0
9387,低风险,8.0
6522,低风险,0.0
7821,低风险,0.0
5516,低风险,20.0
2456,低风险,10.0
3373,低风险,10.0
7080,低风险,0.0
8619,低风险,10.0
7045,低风险,28.0
11046,低风险,35.0
1773,低风险,28.0
10944,低风险,28.0
11010,低风险,10.0
10922,低风险,35.0
516,低风险,0.0
2552,低风险,18.0
2847,低风险,0.0
9358,低风险,0.0
6474,低风险,35.0
2256,低风险,0.0
3036,低风险,35.0
10608,低风险,35.0
6629,低风险,10.0
7090,低风险,35.0
1543,低风险,28.0
10476,低风险,35.0
479,低风险,0.0
7336,低风险,28.0
62,低风险,0.0
2661,低风险,0.0
2765,低风险,28.0
6198,低风险,28.0
8110,低风险,10.0
9583,低风险,35.0
3943,低风险,28.0
8627,低风险,18.0
524,低风险,18.0
6223,低风险,0.0
5494,低风险,10.0
9326,低风险,35.0
3047,低风险,0.0
10746,低风险,35.0
6019,低风险,28.0
6505,低风险,10.0
7245,低风险,28.0
7814,低风险,35.0
10725,低风险,28.0
3576,低风险,35.0
4447,低风险,35.0
1953,低风险,10.0
2760,低风险,35.0
909,低风险,28.0
7338,低风险,35.0
10597,低风险,10.0
4677,低风险,10.0
5674,低风险,0.0
6354,低风险,18.0
5069,低风险,0.0
925,低风险,35.0
7473,低风险,0.0
2656,低风险,10.0
6461,低风险,35.0
3636,低风险,35.0
1775,低风险,28.0
1989,低风险,0.0
6265,低风险,20.0
7530,低风险,0.0
4246,低风险,20.0
6678,低风险,20.0
7326,低风险,28.0
5321,低风险,10.0
8397,低风险,0.0
9360,低风险,28.0
6519,低风险,10.0
6916,低风险,35.0
8238,低风险,10.0
4800,低风险,10.0
6480,低风险,35.0
5519,低风险,28.0
9371,低风险,0.0
1995,低风险,35.0
7482,低风险,28.0
67,低风险,20.0
1732,低风险,28.0
786,低风险,20.0
1747,低风险,0.0
6532,低风险,28.0
1760,低风险,0.0
6189,低风险,28.0
1272,低风险,20.0
2220,低风险,10.0
10222,低风险,35.0
3443,低风险,35.0
10208,低风险,20.0
7578,低风险,20.0
2723,低风险,0.0
2081,低风险,20.0
6457,低风险,35.0
7486,低风险,0.0
6922,低风险,35.0
7484,低风险,10.0
7247,低风险,35.0
6170,低风险,35.0
8898,低风险,0.0
1826,低风险,28.0
7666,低风险,10.0
6199,低风险,35.0
8739,低风险,10.0
1840,低风险,35.0
10316,低风险,10.0
3091,低风险,18.0
6529,低风险,35.0
9513,低风险,10.0
1261,低风险,28.0
7663,低风险,0.0
8829,低风险,0.0
7461,低风险,10.0
10586,低风险,35.0
792,低风险,35.0
1053,低风险,0.0
802,低风险,28.0
9333,低风险,0.0
3360,低风险,35.0
1770,低风险,28.0
10778,低风险,28.0
3898,低风险,28.0
5683,低风险,35.0
2758,低风险,28.0
2080,低风险,28.0
11060,低风险,0.0
6558,低风险,20.0
2947,低风险,35.0
5304,低风险,0.0
6176,低风险,0.0
10466,低风险,35.0
5502,低风险,18.0
7320,低风险,35.0
307,低风险,0.0
4765,低风险,35.0
6481,低风险,35.0
5531,低风险,0.0
4547,低风险,0.0
7516,低风险,28.0
1548,低风险,35.0
880,低风险,0.0
1731,低风险,0.0
50,低风险,10.0
7039,低风险,18.0
3946,低风险,0.0
1725,低风险,20.0
7089,低风险,35.0
6261,低风险,0.0
3097,低风险,35.0
910,低风险,0.0
6008,低风险,35.0
6218,低风险,10.0
8248,低风险,20.0
7575,低风险,20.0
1429,低风险,28.0
5520,低风险,35.0
7671,低风险,28.0
316,低风险,0.0
7353,低风险,28.0
3101,低风险,20.0
4111,低风险,0.0
2685,低风险,20.0
5092,低风险,35.0
7352,低风险,20.0
2933,低风险,35.0
5670,低风险,0.0
7515,低风险,0.0
4684,低风险,20.0
2194,低风险,0.0
3509,低风险,0.0
8605,低风险,0.0
4091,低风险,0.0
3069,低风险,0.0
749,低风险,0.0
1884,低风险,0.0
9566,低风险,0.0
2648,低风险,10.0
8120,低风险,0.0
10045,低风险,10.0
2563,低风险,0.0
9259,低风险,0.0
10816,低风险,0.0
7659,低风险,0.0
10409,低风险,20.0
5825,低风险,0.0
7829,低风险,10.0
944,低风险,0.0
3375,低风险,28.0
327,低风险,28.0
7660,低风险,10.0
2203,低风险,28.0
1418,低风险,28.0
4235,低风险,0.0
1103,低风险,20.0
5444,低风险,0.0
6375,低风险,28.0
10211,低风险,18.0
10171,低风险,0.0
7519,低风险,0.0
9335,低风险,0.0
2394,低风险,28.0
5830,低风险,20.0
4103,低风险,0.0
10218,低风险,10.0
61,低风险,0.0
6270,低风险,28.0
1435,低风险,0.0
4879,低风险,0.0
6637,低风险,20.0
3646,低风险,0.0
8367,低风险,18.0
5816,低风险,0.0
2641,低风险,28.0
2186,低风险,28.0
49,低风险,35.0
5076,低风险,28.0
5317,低风险,0.0
6006,低风险,28.0
2215,低风险,18.0
1743,低风险,35.0
6449,低风险,35.0
2565,低风险,0.0
2721,低风险,10.0
1539,低风险,28.0
879,低风险,10.0
3906,低风险,0.0
9493,低风险,0.0
2770,低风险,0.0
2935,低风险,0.0
1037,低风险,35.0
2558,低风险,28.0
6226,低风险,20.0
6557,低风险,28.0
7479,低风险,18.0
6227,低风险,20.0
4815,低风险,0.0
6101,低风险,35.0
10935,低风险,28.0
2261,低风险,10.0
4690,低风险,28.0
5071,低风险,35.0
5414,低风险,28.0
6165,低风险,35.0
6515,低风险,28.0
913,低风险,8.0
6353,低风险,0.0
4816,低风险,35.0
4476,低风险,0.0
2649,低风险,0.0
7335,低风险,28.0
7536,低风险,28.0
8861,低风险,18.0
5949,低风险,35.0
6162,低风险,35.0
6326,低风险,18.0
5081,低风险,28.0
10398,低风险,20.0
11049,低风险,35.0
10301,低风险,8.0
2756,低风险,0.0
8252,低风险,10.0
9343,低风险,35.0
9344,低风险,28.0
8458,低风险,0.0
2000,低风险,0.0
6679,低风险,20.0
4242,低风险,35.0
3078,低风险,35.0
4446,低风险,0.0
7242,低风险,35.0
1741,低风险,10.0
8732,低风险,0.0
8626,低风险,0.0
1558,低风险,0.0
6510,低风险,0.0
5085,低风险,20.0
6473,低风险,20.0
704,低风险,0.0
9585,低风险,10.0
11062,低风险,0.0
319,低风险,10.0
7324,低风险,0.0
1750,低风险,35.0
11059,低风险,10.0
7749,低风险,0.0
3643,低风险,35.0
798,低风险,10.0
10718,低风险,0.0
2927,低风险,0.0
4791,低风险,35.0
6517,低风险,0.0
7672,低风险,0.0
1990,低风险,10.0
914,低风险,35.0
7655,低风险,18.0
10598,低风险,18.0
7127,低风险,0.0
2252,低风险,28.0
10822,低风险,18.0
5106,低风险,28.0
9261,低风险,35.0
8240,低风险,35.0
9272,低风险,10.0
1767,低风险,35.0
10053,低风险,0.0
1087,低风险,10.0
4116,低风险,18.0
7121,低风险,20.0
5074,低风险,28.0
9262,低风险,0.0
1254,低风险,35.0
4482,低风险,35.0
4702,低风险,0.0
5320,低风险,0.0
1443,低风险,0.0
6928,低风险,18.0
4778,低风险,0.0
10015,低风险,0.0
7836,低风险,18.0
6264,低风险,28.0
1876,低风险,20.0
7463,低风险,18.0
1737,低风险,35.0
8358,低风险,0.0
9782,低风险,20.0
6551,低风险,20.0
4539,低风险,20.0
9738,低风险,0.0
5100,低风险,10.0
4101,低风险,0.0
2660,低风险,28.0
7594,低风险,28.0
8280,低风险,10.0
531,低风险,0.0
2657,低风险,35.0
2224,低风险,35.0
7190,低风险,10.0
2569,低风险,18.0
1828,低风险,35.0
2448,低风险,0.0
2941,低风险,35.0
11043,低风险,28.0
1248,低风险,28.0
6347,低风险,28.0
9133,低风险,28.0
1107,低风险,35.0
5509,低风险,20.0
2678,低风险,18.0
9761,低风险,20.0
3098,低风险,28.0
7393,低风险,18.0
10844,低风险,10.0
9270,低风险,35.0
7250,低风险,0.0
7739,低风险,28.0
6911,低风险,28.0
7485,低风险,0.0
8793,低风险,18.0
1161,低风险,35.0
4410,低风险,35.0
2582,低风险,0.0
4793,低风险,35.0
5349,低风险,35.0
3945,低风险,20.0
6483,低风险,0.0
1045,低风险,35.0
6344,低风险,0.0
2248,低风险,28.0
4693,低风险,28.0
6370,低风险,10.0
740,低风险,0.0
4403,低风险,28.0
9769,低风险,28.0
791,低风险,35.0
5306,低风险,8.0
9279,低风险,10.0
4696,低风险,0.0
4972,低风险,10.0
5513,低风险,18.0
4797,低风险,35.0
1115,低风险,35.0
1993,低风险,35.0
924,低风险,35.0
10599,低风险,35.0
935,低风险,35.0
10589,低风险,10.0
5512,低风险,28.0
6376,低风险,35.0
8269,低风险,35.0
10946,低风险,35.0
6512,低风险,20.0
8473,低风险,0.0
8389,低风险,35.0
6445,低风险,0.0
7534,低风险,20.0
2775,低风险,20.0
6669,低风险,20.0
10833,低风险,35.0
10241,低风险,0.0
9369,低风险,20.0
10012,低风险,35.0
6380,低风险,10.0
6683,低风险,35.0
382,低风险,0.0
3103,低风险,35.0
490,低风险,35.0
6023,低风险,0.0
5749,低风险,0.0
2386,低风险,0.0
878,低风险,20.0
8465,低风险,35.0
2769,低风险,0.0
6914,低风险,18.0
10923,低风险,0.0
6178,低风险,0.0
917,低风险,28.0
3642,低风险,35.0
4526,低风险,28.0
2449,低风险,18.0
9134,低风险,35.0
8394,低风险,28.0
8404,低风险,35.0
9386,低风险,35.0
7824,低风险,0.0
2258,低风险,18.0
2654,低风险,28.0
10804,低风险,28.0
6124,低风险,0.0
9777,低风险,20.0
6513,低风险,0.0
3937,低风险,0.0
885,低风险,28.0
10238,低风险,35.0
1112,低风险,35.0
304,低风险,28.0
7334,低风险,35.0
7592,低风险,0.0
7228,低风险,35.0
3367,低风险,0.0
6938,低风险,0.0
3084,低风险,0.0
10753,低风险,28.0
1038,低风险,35.0
1249,低风险,35.0
10807,低风险,18.0
3041,低风险,0.0
8813,低风险,0.0
1036,低风险,28.0
2772,低风险,35.0
9783,低风险,0.0
3628,低风险,35.0
6014,低风险,35.0
1092,低风险,35.0
6339,低风险,28.0
3757,低风险,35.0
1998,低风险,35.0
5352,低风险,35.0
8470,低风险,35.0
7490,低风险,28.0
2675,低风险,35.0
2193,低风险,0.0
10773,低风险,35.0
3684,低风险,35.0
11058,低风险,10.0
7098,低风险,35.0
3926,低风险,10.0
6452,低风险,35.0
6004,低风险,35.0
1117,低风险,35.0
4808,低风险,10.0
6096,低风险,35.0
9389,低风险,28.0
5744,低风险,35.0
938,低风险,35.0
1088,低风险,35.0
4542,低风险,28.0
8807,低风险,18.0
10823,低风险,0.0
8409,低风险,35.0
9569,低风险,35.0
702,低风险,35.0
6214,低风险,35.0
5064,低风险,28.0
4698,低风险,20.0
4105,低风险,0.0
11006,低风险,0.0
10771,低风险,35.0
4469,低风险,35.0
7351,低风险,35.0
8493,低风险,28.0
8811,低风险,18.0
4821,低风险,35.0
4591,低风险,20.0
6506,低风险,0.0
7346,低风险,35.0
8245,低风险,35.0
3564,低风险,28.0
6670,低风险,35.0
9589,低风险,10.0
9139,低风险,35.0
9331,低风险,0.0
1757,低风险,35.0
430,低风险,35.0
9383,低风险,35.0
3936,低风险,35.0
8279,低风险,0.0
423,低风险,28.0
484,低风险,28.0
493,低风险,35.0
2645,低风险,20.0
5492,低风险,18.0
5099,低风险,35.0
1257,低风险,28.0
8239,低风险,35.0
7819,低风险,35.0
931,低风险,35.0
10232,低风险,28.0
6465,低风险,35.0
3927,低风险,35.0
9766,低风险,35.0
6117,低风险,18.0
6331,低风险,35.0
1565,低风险,35.0
4581,低风险,35.0
1568,低风险,35.0
6530,低风险,35.0
3644,低风险,28.0
1742,低风险,10.0
11004,低风险,0.0
4123,低风险,28.0
5083,低风险,28.0
4822,低风险,35.0
11014,低风险,35.0
4588,低风险,35.0
4238,低风险,28.0
6105,低风险,35.0
7661,低风险,10.0
1678,低风险,18.0
2934,低风险,35.0
6351,低风险,35.0
8460,低风险,35.0
4443,低风险,0.0
7283,低风险,20.0
10236,低风险,35.0
6335,低风险,35.0
1540,低风险,28.0
797,低风险,35.0
1417,低风险,28.0
6321,低风险,0.0
1728,低风险,35.0
789,低风险,18.0
10472,低风险,35.0
3574,低风险,35.0
4097,低风险,35.0
806,低风险,35.0
10011,低风险,28.0
8794,低风险,10.0
803,低风险,35.0
5688,低风险,0.0
8494,低风险,35.0
1873,低风险,18.0
4786,低风险,35.0
894,低风险,35.0
10588,低风险,0.0
7588,低风险,35.0
2227,低风险,0.0
5067,低风险,20.0
4806,低风险,35.0
10733,低风险,20.0
6667,低风险,35.0
2283,低风险,0.0
6202,低风险,35.0
9755,低风险,28.0
9568,低风险,35.0
930,低风险,35.0
10337,低风险,0.0
7538,低风险,35.0
6682,低风险,35.0
2659,低风险,35.0
1050,低风险,35.0
8258,低风险,35.0
434,低风险,28.0
10591,低风险,0.0
5073,低风险,35.0
8270,低风险,28.0
8467,低风险,35.0
512,低风险,35.0
4585,低风险,28.0
1251,低风险,35.0
6935,低风险,35.0
4104,低风险,35.0
5089,低风险,35.0
4697,低风险,35.0
1158,低风险,0.0
8912,低风险,35.0
10931,低风险,0.0
1151,低风险,35.0
10219,低风险,35.0
7445,低风险,0.0
927,低风险,35.0
1961,低风险,0.0
6181,低风险,28.0
7331,低风险,35.0
5062,低风险,35.0
6635,低风险,35.0
7240,低风险,35.0
7237,低风险,35.0
928,低风险,28.0
10601,低风险,28.0
903,低风险,35.0
2762,低风险,35.0
4589,低风险,10.0
4809,低风险,35.0
6157,低风险,35.0
3639,低风险,35.0
8867,低风险,20.0
8915,低风险,0.0
8909,低风险,28.0
10741,低风险,35.0
6352,低风险,20.0
5135,低风险,0.0
53,低风险,0.0
4162,低风险,28.0
8276,低风险,35.0
2936,低风险,28.0
4599,低风险,28.0
3026,低风险,0.0
6154,低风险,10.0
4759,低风险,28.0
6520,低风险,0.0
1084,低风险,35.0
6186,低风险,35.0
4770,低风险,20.0
9132,低风险,35.0
3055,低风险,35.0
10345,低风险,0.0
5059,低风险,28.0
7525,低风险,18.0
2673,低风险,35.0
10147,低风险,0.0
4523,低风险,0.0
764,低风险,18.0
4110,低风险,35.0
1891,低风险,35.0
4004,低风险,35.0
10723,低风险,35.0
1882,低风险,28.0
4239,低风险,35.0
3930,低风险,10.0
317,低风险,35.0
10940,低风险,28.0
8386,低风险,0.0
1046,低风险,35.0
2943,低风险,35.0
9330,低风险,35.0
3929,低风险,10.0
906,低风险,35.0
8901,低风险,20.0
3562,低风险,35.0
7099,低风险,18.0
3935,低风险,35.0
5952,低风险,35.0
6909,低风险,10.0
8097,低风险,28.0
6566,低风险,28.0
6487,低风险,35.0
10401,低风险,0.0
10765,低风险,35.0
7360,低风险,0.0
4592,低风险,20.0
5445,低风险,35.0
4796,低风险,35.0
2667,低风险,35.0
2840,低风险,20.0
8275,低风险,20.0
4236,低风险,35.0
9149,低风险,10.0
6179,低风险,35.0
4874,低风险,35.0
5737,低风险,35.0
7333,低风险,20.0
4769,低风险,35.0
1761,低风险,35.0
7540,低风险,28.0
1836,低风险,28.0
2653,低风险,20.0
6525,低风险,35.0
3924,低风险,35.0
9154,低风险,35.0
4114,低风险,28.0
2926,低风险,0.0
6464,低风险,35.0
8913,低风险,35.0
3083,低风险,20.0
2469,低风险,35.0
4795,低风险,35.0
3629,低风险,28.0
1252,低风险,28.0
9260,低风险,35.0
5434,低风险,35.0
3436,低风险,28.0
4555,低风险,0.0
10036,低风险,35.0
2720,低风险,35.0
9131,低风险,0.0
9361,低风险,18.0
6690,低风险,35.0
9263,低风险,28.0
10938,低风险,28.0
1105,低风险,35.0
11057,低风险,35.0
7487,低风险,35.0
4451,低风险,10.0
4977,低风险,10.0
2705,低风险,10.0
2253,低风险,35.0
3085,低风险,35.0
9137,低风险,35.0
8613,低风险,35.0
10592,低风险,28.0
6527,低风险,28.0
315,低风险,28.0
10757,低风险,35.0
1270,低风险,35.0
421,低风险,35.0
2949,低风险,35.0
4701,低风险,35.0
4785,低风险,28.0
7330,低风险,35.0
10850,低风险,35.0
10585,低风险,28.0
6442,低风险,28.0
10736,低风险,0.0
4829,低风险,35.0
8664,低风险,20.0
3640,低风险,35.0
7743,低风险,28.0
10463,低风险,28.0
4540,低风险,18.0
7827,低风险,28.0
8503,低风险,35.0
3928,低风险,35.0
6455,低风险,28.0
9339,低风险,35.0
10465,低风险,28.0
8897,低风险,35.0
2387,低风险,10.0
10317,低风险,0.0
4828,低风险,28.0
1734,低风险,35.0
9268,低风险,35.0
1749,低风险,28.0
7728,低风险,20.0
757,低风险,35.0
787,低风险,35.0
3024,低风险,35.0
6169,低风险,35.0
8388,低风险,35.0
4988,低风险,28.0
7182,低风险,35.0
1951,低风险,0.0
4766,低风险,35.0
9146,低风险,35.0
10237,低风险,35.0
7094,低风险,35.0
7348,低风险,35.0
8827,低风险,35.0
4527,低风险,0.0
2717,低风险,35.0
1132,低风险,35.0
1143,低风险,35.0
7736,低风险,28.0
4445,低风险,35.0
4008,低风险,35.0
9765,低风险,28.0
1265,低风险,20.0
5354,低风险,35.0
4024,低风险,35.0
2682,低风险,35.0
424,低风险,35.0
10220,低风险,35.0
300,低风险,35.0
2260,低风险,35.0
4695,低风险,35.0
1101,低风险,28.0
5751,低风险,28.0
2832,低风险,20.0
486,低风险,28.0
929,低风险,35.0
7590,低风险,35.0
3698,低风险,0.0
8267,低风险,35.0
6213,低风险,28.0
5096,低风险,35.0
2763,低风险,28.0
1831,低风险,0.0
6921,低风险,35.0
296,低风险,0.0
6185,低风险,35.0
5065,低风险,35.0
6330,低风险,0.0
7070,低风险,10.0
10314,低风险,0.0
1752,低风险,28.0
7810,低风险,35.0
899,低风险,28.0
9377,低风险,35.0
3633,低风险,28.0
6379,低风险,35.0
6930,低风险,35.0
6561,低风险,35.0
2931,低风险,0.0
9138,低风险,35.0
10745,低风险,35.0
1100,低风险,35.0
11053,低风险,28.0
6109,低风险,35.0
5526,低风险,35.0
1886,低风险,18.0
2002,低风险,28.0
4006,低风险,35.0
8505,低风险,0.0
7347,低风险,0.0
6206,低风险,35.0
6378,低风险,35.0
1127,低风险,28.0
10809,低风险,28.0
1730,低风险,28.0
9737,低风险,0.0
755,低风险,0.0
4593,低风险,35.0
10852,低风险,35.0
306,低风险,35.0
6221,低风险,35.0
1109,低风险,35.0
309,低风险,35.0
4536,低风险,35.0
8405,低风险,28.0
3654,低风险,35.0
481,低风险,35.0
7235,低风险,35.0
483,低风险,35.0
1139,低风险,0.0
1988,低风险,35.0
10941,低风险,28.0
9391,低风险,28.0
10738,低风险,35.0
2664,低风险,35.0
5673,低风险,28.0
10405,低风险,20.0
7596,低风险,28.0
4682,低风险,0.0
6151,低风险,0.0
6022,低风险,35.0
9781,低风险,35.0
2567,低风险,35.0
5101,低风险,35.0
7073,低风险,20.0
8121,低风险,20.0
6320,低风险,35.0
10197,低风险,0.0
1439,低风险,0.0
7195,低风险,28.0
4885,低风险,0.0
7388,低风险,10.0
7354,低风险,35.0
4761,低风险,35.0
6003,低风险,0.0
4112,低风险,10.0
4982,低风险,10.0
3573,低风险,35.0
3653,低风险,20.0
1835,低风险,0.0
7483,低风险,20.0
7589,低风险,35.0
4771,低风险,0.0
2389,低风险,0.0
495,低风险,10.0
4974,低风险,20.0
6508,低风险,0.0
8236,低风险,28.0
5437,低风险,35.0
6563,低风险,35.0
10462,低风险,35.0
10845,低风险,28.0
1149,低风险,35.0
10315,低风险,0.0
4987,低风险,0.0
4683,低风险,35.0
7081,低风险,0.0
8906,低风险,28.0
9351,低风险,28.0
8272,低风险,0.0
10761,低风险,28.0
1992,低风险,35.0
9150,低风险,35.0
3038,低风险,35.0
9362,低风险,35.0
8243,低风险,35.0
4029,低风险,28.0
10729,低风险,10.0
801,低风险,35.0
7584,低风险,35.0
6336,低风险,35.0
7046,低风险,18.0
9434,低风险,10.0
1106,低风险,35.0
3034,低风险,35.0
1691,低风险,0.0
2848,低风险,0.0
5955,低风险,0.0
2644,低风险,0.0
3948,低风险,35.0
8833,低风险,0.0
1755,低风险,0.0
9778,低风险,28.0
2835,低风险,0.0
8512,低风险,18.0
4681,低风险,28.0
1104,低风险,35.0
1554,低风险,20.0
8264,低风险,10.0
425,低风险,0.0
5061,低风险,35.0
5435,低风险,0.0
8401,低风险,20.0
1160,低风险,35.0
5827,低风险,28.0
10926,低风险,28.0
5750,低风险,18.0
3446,低风险,0.0
900,低风险,28.0
6536,低风险,35.0
3685,低风险,10.0
7042,低风险,0.0
6156,低风险,28.0
923,低风险,28.0
4811,低风险,0.0
5310,低风险,10.0
7571,低风险,10.0
2771,低风险,35.0
9253,低风险,35.0
7122,低风险,35.0
8406,低风险,35.0
1727,低风险,35.0
4442,低风险,0.0
10146,低风险,0.0
5348,低风险,35.0
5490,低风险,35.0
701,低风险,35.0
10759,低风险,35.0
11048,低风险,35.0
891,低风险,35.0
2001,低风险,35.0
3075,低风险,35.0
9246,低风险,20.0
6175,低风险,35.0
3057,低风险,35.0
2089,低风险,35.0
2391,低风险,0.0
9518,低风险,18.0
6098,低风险,18.0
295,低风险,28.0
5532,低风险,35.0
7517,低风险,10.0
4152,低风险,35.0
7238,低风险,0.0
1137,低风险,0.0
4098,低风险,0.0
7585,低风险,0.0
6638,低风险,20.0
7475,低风险,0.0
5679,低风险,35.0
7489,低风险,0.0
8471,低风险,28.0
10309,低风险,35.0
9384,低风险,10.0
8819,低风险,0.0
10312,低风险,35.0
5522,低风险,35.0
4706,低风险,35.0
8900,低风险,35.0
1768,低风险,35.0
4020,低风险,20.0
759,低风险,35.0
921,低风险,28.0
6458,低风险,35.0
1089,低风险,20.0
9579,低风险,28.0
5347,低风险,35.0
4015,低风险,28.0
10848,低风险,35.0
4444,低风险,20.0
8802,低风险,8.0
1753,低风险,0.0
6377,低风险,0.0
2188,低风险,10.0
8480,低风险,35.0
1833,低风险,28.0
10158,低风险,18.0
4108,低风险,28.0
10815,低风险,20.0
3688,低风险,28.0
7731,低风险,28.0
3368,低风险,0.0
2937,低风险,0.0
4402,低风险,0.0
6531,低风险,20.0
3067,低风险,0.0
7025,低风险,20.0
6694,低风险,28.0
1739,低风险,35.0
10749,低风险,35.0
8508,低风险,35.0
8683,低风险,0.0
3909,低风险,20.0
5820,低风险,18.0
3947,低风险,28.0
2868,低风险,35.0
7732,低风险,0.0
10595,低风险,20.0
9762,低风险,0.0
10224,低风险,35.0
8103,低风险,35.0
4436,低风险,0.0
8670,低风险,35.0
4790,低风险,35.0
4819,低风险,35.0
2652,低风险,28.0
3950,低风险,0.0
8825,低风险,28.0
7835,低风险,0.0
8403,低风险,28.0
3650,低风险,35.0
7029,低风险,18.0
3908,低风险,28.0
6097,低风险,0.0
10744,低风险,35.0
2932,低风险,35.0
3070,低风险,35.0
2650,低风险,35.0
6685,低风险,18.0
9382,低风险,10.0
6919,低风险,0.0
1442,低风险,18.0
7548,低风险,35.0
10846,低风险,0.0
3035,低风险,0.0
2577,低风险,35.0
9258,低风险,35.0
7184,低风险,35.0
10803,低风险,35.0
10842,低风险,10.0
3901,低风险,10.0
10838,低风险,35.0
8795,低风险,0.0
4016,低风险,0.0
2839,低风险,35.0
9277,低风险,35.0
2578,低风险,28.0
7822,低风险,20.0
6543,低风险,28.0
2672,低风险,28.0
1049,低风险,35.0
10943,低风险,0.0
2707,低风险,28.0
8622,低风险,10.0
8363,低风险,20.0
7188,低风险,35.0
2249,低风险,35.0
3094,低风险,28.0
5082,低风险,0.0
5058,低风险,35.0
1772,低风险,28.0
9388,低风险,35.0
5137,低风险,28.0
7730,低风险,35.0
2472,低风险,28.0
3444,低风险,35.0
2677,低风险,35.0
2580,低风险,0.0
8123,低风险,28.0
7572,低风险,0.0
5525,低风险,10.0
1839,低风险,0.0
9364,低风险,35.0
2841,低风险,0.0
5743,低风险,10.0
5937,低风险,20.0
7591,低风险,35.0
756,低风险,35.0
1125,低风险,28.0
889,低风险,0.0
6345,低风险,35.0
6537,低风险,10.0
2651,低风险,35.0
1966,低风险,35.0
7669,低风险,28.0
754,低风险,35.0
7357,低风险,35.0
1954,低风险,10.0
7340,低风险,10.0
7587,低风险,18.0
6666,低风险,28.0
1153,低风险,35.0
6503,低风险,8.0
4678,低风险,0.0
7481,低风险,10.0
6383,低风险,35.0
9772,低风险,18.0
1124,低风险,20.0
1035,低风险,0.0
432,低风险,28.0
5529,低风险,10.0
10835,低风险,0.0
10300,低风险,10.0
5954,低风险,18.0
5499,低风险,28.0
8902,低风险,0.0
3066,低风险,35.0
7832,低风险,0.0
5496,低风险,10.0
2464,低风险,0.0
6499,低风险,0.0
7028,低风险,0.0
2473,低风险,10.0
8260,低风险,35.0
11005,低风险,35.0
788,低风险,28.0
4415,低风险,0.0
8107,低风险,0.0
795,低风险,28.0
7386,低风险,0.0
11011,低风险,0.0
3106,低风险,0.0
10170,低风险,0.0
5129,低风险,20.0
4475,低风险,28.0
10999,低风险,0.0
308,低风险,35.0
712,低风险,35.0
6200,低风险,28.0
1140,低风险,28.0
7741,低风险,0.0
3888,低风险,20.0
9433,低风险,0.0
7071,低风险,18.0
1448,低风险,20.0
2564,低风险,0.0
10772,低风险,0.0
3365,低风险,20.0
6017,低风险,0.0
9528,低风险,0.0
2211,低风险,0.0
893,低风险,10.0
5457,低风险,18.0
6466,低风险,28.0
10200,低风险,28.0
6266,低风险,20.0
1128,低风险,35.0
4691,低风险,35.0
10043,低风险,0.0
6160,低风险,0.0
8257,低风险,28.0
10478,低风险,0.0
805,低风险,0.0
8479,低风险,28.0
1048,低风险,10.0
426,低风险,0.0
3017,低风险,0.0
4775,低风险,20.0
8801,低风险,28.0
6907,低风险,20.0
7047,低风险,0.0
7658,低风险,35.0
10214,低风险,0.0
8487,低风险,0.0
8355,低风险,35.0
5427,低风险,35.0
384,低风险,20.0
4094,低风险,0.0
381,低风险,20.0
7389,低风险,10.0
8244,低风险,35.0
9512,低风险,35.0
1889,低风险,0.0
5828,低风险,0.0
4027,低风险,20.0
2088,低风险,35.0
2078,低风险,0.0
7186,低风险,10.0
7189,低风险,10.0
902,低风险,28.0
5819,低风险,35.0
5507,低风险,28.0
11003,低风险,0.0
10005,低风险,0.0
4553,低风险,0.0
513,低风险,0.0
1887,低风险,28.0
8864,低风险,0.0
9571,低风险,0.0
6348,低风险,18.0
8854,低风险,28.0
10764,低风险,0.0
767,低风险,28.0
2003,低风险,35.0
1547,低风险,10.0
10826,低风险,35.0
2451,低风险,18.0
5070,低风险,35.0
796,低风险,28.0
3447,低风险,35.0
4107,低风险,35.0
5515,低风险,18.0
6355,低风险,28.0
2704,低风险,28.0
8398,低风险,0.0
6099,低风险,35.0
1268,低风险,18.0
7290,低风险,0.0
9249,低风险,20.0
8673,低风险,28.0
4011,低风险,10.0
4779,低风险,20.0
520,低风险,28.0
5430,低风险,8.0
6196,低风险,28.0
1991,低风险,10.0
6459,低风险,35.0
1456,低风险,8.0
3651,低风险,28.0
7828,低风险,35.0
9485,低风险,18.0
1735,低风险,0.0
6500,低风险,28.0
4979,低风险,28.0
10817,低风险,35.0
9328,低风险,35.0
2470,低风险,18.0
8746,低风险,28.0
1890,低风险,28.0
9745,低风险,10.0
1042,低风险,10.0
8809,低风险,18.0
302,低风险,28.0
8658,低风险,0.0
9551,低风险,18.0
5671,低风险,20.0
8869,低风险,0.0
6322,低风险,18.0
9347,低风险,0.0
6470,低风险,8.0
7230,低风险,18.0
3366,低风险,18.0
2200,低风险,20.0
6324,低风险,35.0
8858,低风险,10.0
1762,低风险,28.0
8475,低风险,10.0
2467,低风险,35.0
5824,低风险,0.0
322,低风险,0.0
5132,低风险,20.0
8621,低风险,28.0
8108,低风险,18.0
7521,低风险,20.0
8606,低风险,35.0
1162,低风险,35.0
3370,低风险,0.0
4422,低风险,35.0
6349,低风险,0.0
3114,低风险,28.0
1877,低风险,10.0
9780,低风险,35.0
9746,低风险,28.0
809,低风险,10.0
5536,低风险,35.0
9514,低风险,0.0
4973,低风险,35.0
4398,低风险,20.0
10768,低风险,35.0
2925,低风险,35.0
10037,低风险,35.0
10722,低风险,35.0
10306,低风险,35.0
10155,低风险,10.0
3374,低风险,10.0
9143,低风险,35.0
5448,低风险,0.0
1085,低风险,0.0
9564,低风险,18.0
6340,低风险,28.0
6112,低风险,0.0
2212,低风险,0.0
7344,低风险,35.0
9588,低风险,18.0
881,低风险,35.0
3082,低风险,35.0
10234,低风险,28.0
6565,低风险,35.0
1745,低风险,0.0
9266,低风险,35.0
3113,低风险,35.0
9375,低风险,35.0
8617,低风险,18.0
3563,低风险,35.0
6002,低风险,0.0
6937,低风险,35.0
9486,低风险,28.0
2553,低风险,20.0
4400,低风险,0.0
4468,低风险,28.0
6492,低风险,0.0
10841,低风险,10.0
6089,低风险,35.0
2581,低风险,35.0
6920,低风险,0.0
2561,低风险,35.0
6325,低风险,20.0
1875,低风险,28.0
2191,低风险,0.0
10205,低风险,35.0
3042,低风险,35.0
8273,低风险,35.0
3631,低风险,35.0
6934,低风险,35.0
4826,低风险,35.0
7580,低风险,0.0
898,低风险,35.0
6915,低风险,28.0
3912,低风险,28.0
301,低风险,35.0
8098,低风险,0.0
4014,低风险,28.0
1253,低风险,28.0
8832,低风险,35.0
10240,低风险,0.0
6211,低风险,0.0
10009,低风险,0.0
6495,低风险,20.0
8736,低风险,20.0
10853,低风险,0.0
5440,低风险,20.0
1040,低风险,0.0
525,低风险,20.0
8241,低风险,35.0
2714,低风险,0.0
3566,低风险,0.0
3054,低风险,0.0
3053,低风险,28.0
9573,低风险,28.0
8368,低风险,0.0
10239,低风险,18.0
8680,低风险,0.0
3933,低风险,35.0
6329,低风险,28.0
9336,低风险,18.0
5350,低风险,18.0
4975,低风险,35.0
1129,低风险,0.0
10933,低风险,35.0
9374,低风险,28.0
1783,低风险,20.0
7124,低风险,20.0
9770,低风险,10.0
2074,低风险,0.0
373,低风险,28.0
7078,低风险,35.0
1723,低风险,0.0
4813,低风险,35.0
8614,低风险,10.0
4802,低风险,35.0
4890,低风险,35.0
6193,低风险,28.0
5739,低风险,0.0
4580,低风险,35.0
1960,低风险,20.0
9771,低风险,0.0
6094,高风险,40.0
1778,低风险,0.0
4787,低风险,35.0
10818,低风险,35.0
3749,低风险,0.0
2757,低风险,28.0
8507,低风险,20.0
8496,低风险,0.0
807,低风险,28.0
7345,低风险,35.0
7546,低风险,28.0
6538,低风险,35.0
7284,低风险,0.0
1999,低风险,28.0
4544,低风险,0.0
9255,低风险,0.0
1451,低风险,20.0
2083,低风险,10.0
10461,低风险,35.0
11009,低风险,35.0
3949,低风险,0.0
10049,低风险,0.0
4768,低风险,35.0
8821,低风险,20.0
5458,低风险,10.0
10726,低风险,28.0
2837,低风险,28.0
1764,低风险,35.0
1118,低风险,0.0
11056,低风险,35.0
6484,低风险,35.0
10779,低风险,18.0
5953,低风险,35.0
6553,低风险,0.0
4125,低风险,0.0
9337,低风险,20.0
6560,低风险,20.0
485,低风险,20.0
10763,低风险,35.0
7474,低风险,35.0
9393,低风险,0.0
3020,低风险,10.0
3751,低风险,28.0
5958,低风险,28.0
4113,低风险,28.0
4237,低风险,35.0
4597,低风险,35.0
1771,低风险,28.0
3110,低风险,35.0
9757,低风险,35.0
5514,低风险,28.0
6905,低风险,35.0
6673,低风险,35.0
10396,低风险,10.0
10728,低风险,0.0
4801,低风险,20.0
3503,低风险,0.0
1098,低风险,35.0
940,低风险,0.0
5056,低风险,35.0
8826,低风险,35.0
2851,低风险,28.0
785,低风险,35.0
1091,低风险,35.0
1150,低风险,35.0
1164,低风险,0.0
11008,低风险,0.0
4676,低风险,35.0
8263,低风险,35.0
3033,低风险,35.0
10600,低风险,28.0
10719,低风险,10.0
2842,低风险,0.0
1963,低风险,0.0
5060,低风险,0.0
10162,低风险,35.0
6346,低风险,0.0
11050,低风险,35.0
6555,低风险,35.0
7337,低风险,35.0
1829,低风险,35.0
7820,低风险,35.0
3099,低风险,35.0
1266,低风险,35.0
7327,低风险,20.0
1834,低风险,35.0
2465,低风险,28.0
10734,低风险,35.0
8823,低风险,35.0
10594,低风险,35.0
10782,低风险,0.0
9380,低风险,35.0
2766,低风险,20.0
6486,低风险,0.0
3944,低风险,35.0
1827,低风险,35.0
8637,低风险,0.0
8903,低风险,35.0
6477,低风险,35.0
1269,低风险,35.0
489,低风险,20.0
1263,低风险,0.0
5351,低风险,35.0
2872,低风险,35.0
8247,低风险,35.0
6511,低风险,28.0
6539,低风险,28.0
700,低风险,0.0
9593,低风险,20.0
4404,低风险,28.0
10762,低风险,35.0
945,低风险,35.0
6222,低风险,35.0
3441,低风险,25.0
2663,低风险,28.0
10145,低风险,28.0
431,低风险,0.0
6205,低风险,20.0
918,低风险,28.0
5672,低风险,28.0
10242,低风险,35.0
7581,低风险,35.0
1157,低风险,35.0
7035,低风险,28.0
9575,低风险,35.0
8490,低风险,0.0
6000,低风险,20.0
4120,低风险,35.0
1121,低风险,10.0
5736,低风险,35.0
8266,低风险,20.0
1428,低风险,35.0
4704,低风险,35.0
10769,低风险,35.0
4818,低风险,28.0
6158,低风险,0.0
1152,低风险,35.0
2075,低风险,18.0
6150,低风险,0.0
314,低风险,0.0
6446,低风险,0.0
4679,低风险,10.0
8390,低风险,0.0
7318,低风险,35.0
1537,低风险,10.0
4018,低风险,28.0
8262,低风险,35.0
7102,低风险,10.0
3049,低风险,28.0
1264,低风险,35.0
2666,低风险,28.0
10475,低风险,28.0
2938,低风险,35.0
6490,低风险,28.0
3918,低风险,10.0
1126,低风险,0.0
4783,低风险,28.0
8830,低风险,28.0
6535,低风险,28.0
4700,低风险,28.0
9264,低风险,10.0
1845,低风险,35.0
9275,低风险,35.0
6904,低风险,35.0
2455,低风险,0.0
9155,低风险,35.0
4788,低风险,35.0
9267,低风险,10.0
4794,低风险,0.0
6192,低风险,18.0
10165,低风险,35.0
6548,低风险,35.0
7187,低风险,10.0
8246,低风险,28.0
10836,低风险,35.0
6201,低风险,35.0
8489,低风险,0.0
5518,低风险,18.0
8679,低风险,28.0
10766,低风险,28.0
323,低风险,28.0
1751,低风险,28.0
6104,低风险,28.0
5079,低风险,20.0
9768,低风险,35.0
1271,低风险,18.0
6552,低风险,10.0
3632,低风险,18.0
4692,低风险,28.0
6182,低风险,10.0
9352,低风险,20.0
4474,低风险,20.0
522,低风险,20.0
4798,低风险,35.0
1148,低风险,35.0
4247,低风险,35.0
7573,低风险,28.0
6534,低风险,35.0
793,低风险,35.0
10740,低风险,35.0
6692,低风险,0.0
4124,低风险,35.0
7132,低风险,28.0
7356,低风险,28.0
3100,低风险,35.0
7748,低风险,35.0
7087,低风险,18.0
10217,低风险,28.0
10831,低风险,35.0
1997,低风险,35.0
5345,低风险,18.0
5353,低风险,35.0
5740,低风险,35.0
7342,低风险,35.0
1996,低风险,0.0
56,低风险,10.0
6341,低风险,35.0
5950,低风险,10.0
10346,低风险,0.0
427,低风险,35.0
4406,低风险,0.0
5077,低风险,35.0
4472,低风险,0.0
7079,低风险,35.0
330,低风险,28.0
6204,低风险,0.0
6188,低风险,35.0
9584,低风险,0.0
2929,低风险,35.0
6333,低风险,28.0
7583,低风险,20.0
3093,低风险,20.0
3686,低风险,0.0
8253,低风险,10.0
9496,低风险,0.0
4233,低风险,35.0
1250,低风险,35.0
6381,低风险,0.0
3112,低风险,35.0
5357,低风险,28.0
487,低风险,35.0
5521,低风险,35.0
911,低风险,0.0
10942,低风险,10.0
1541,低风险,35.0
9153,低风险,28.0
1847,低风险,35.0
8396,低风险,28.0
905,低风险,0.0
3570,低风险,35.0
5746,低风险,35.0
6939,低风险,35.0
10927,低风险,35.0
10473,低风险,35.0
1758,低风险,18.0
8249,低风险,35.0
2471,低风险,35.0
8477,低风险,20.0
10477,低风险,35.0
2466,低风险,0.0
1682,低风险,18.0
9348,低风险,35.0
1534,低风险,0.0
429,低风险,18.0
8491,低风险,28.0
5429,低风险,28.0
3039,低风险,35.0
7735,低风险,0.0
8393,低风险,35.0
7811,低风险,35.0
3560,低风险,35.0
9586,低风险,35.0
7095,低风险,35.0
8862,低风险,0.0
9429,低风险,35.0
4577,低风险,35.0
7537,低风险,0.0
3438,低风险,35.0
1145,低风险,35.0
8798,低风险,18.0
4804,低风险,35.0
7239,低风险,18.0
9329,低风险,20.0
10739,低风险,35.0
9760,低风险,35.0
1052,低风险,0.0
4784,低风险,35.0
6684,低风险,35.0
9359,低风险,35.0
4122,低风险,35.0
2761,低风险,35.0
7350,低风险,35.0
10206,低风险,18.0
1044,低风险,20.0
385,低风险,0.0
2397,低风险,0.0
3028,低风险,35.0
1086,低风险,35.0
4529,低风险,0.0
1057,低风险,35.0
8790,低风险,20.0
9759,低风险,10.0
8817,低风险,10.0
2843,低风险,0.0
4602,低风险,10.0
3630,低风险,35.0
10460,低风险,35.0
9392,低风险,35.0
6451,低风险,35.0
9494,低风险,10.0
8815,低风险,35.0
1550,低风险,28.0
4762,低风险,35.0
8486,低风险,0.0
7733,低风险,18.0
6103,低风险,35.0
8678,低风险,0.0
6518,低风险,10.0
7248,低风险,28.0
800,低风险,35.0
4245,低风险,28.0
6342,低风险,35.0
6668,低风险,35.0
5680,低风险,10.0
3889,低风险,35.0
4699,低风险,35.0
8122,低风险,28.0
3080,低风险,0.0
2658,低风险,18.0
10302,低风险,35.0
5745,低风险,35.0
6542,低风险,0.0
10721,低风险,35.0
7359,低风险,35.0
6476,低风险,35.0
7361,低风险,35.0
937,低风险,28.0
5944,低风险,10.0
8365,低风险,0.0
10231,低风险,0.0
6090,低风险,35.0
9775,低风险,20.0
1766,低风险,35.0
7129,低风险,28.0
741,低风险,10.0
907,低风险,10.0
7471,低风险,0.0
418,低风险,0.0
10806,低风险,0.0
1746,低风险,28.0
8904,低风险,10.0
4552,低风险,28.0
5086,低风险,20.0
4480,低风险,35.0
6111,低风险,20.0
3087,低风险,28.0
9582,低风险,35.0
1449,低风险,0.0
3765,低风险,28.0
9135,低风险,35.0
10939,低风险,35.0
2942,低风险,18.0
5355,低风险,35.0
1780,低风险,35.0
8831,低风险,0.0
6569,低风险,35.0
1538,低风险,0.0
9152,低风险,0.0
3044,低风险,0.0
6183,低风险,35.0
2669,低风险,35.0
4007,低风险,35.0
11007,低风险,10.0
5302,低风险,10.0
7579,低风险,35.0
1545,低风险,35.0
8277,低风险,35.0
9773,低风险,35.0
6166,低风险,35.0
5945,低风险,35.0
1099,低风险,35.0
7291,低风险,0.0
5063,低风险,20.0
9442,低风险,28.0
10474,低风险,0.0
6374,低风险,35.0
6108,低风险,18.0
10750,低风险,35.0
419,低风险,35.0
7319,低风险,35.0
3923,低风险,18.0
1047,低风险,10.0
4030,低风险,35.0
10742,低风险,35.0
6689,低风险,35.0
4810,低风险,28.0
9438,低风险,8.0
2680,低风险,35.0
5438,低风险,35.0
8917,低风险,35.0
1116,低风险,35.0
10936,低风险,35.0
2882,低风险,18.0
3076,低风险,0.0
8242,低风险,28.0
3046,低风险,28.0
7539,低风险,28.0
3634,低风险,0.0
6912,低风险,35.0
808,低风险,35.0
6674,低风险,35.0
10767,低风险,0.0
5072,低风险,35.0
7038,低风险,0.0
3019,低风险,10.0
7738,低风险,0.0
8728,低风险,0.0
7328,低风险,35.0
1685,低风险,35.0
1255,低风险,35.0
9437,低风险,10.0
10310,低风险,28.0
4025,低风险,18.0
7744,低风险,35.0
6208,低风险,35.0
1054,低风险,35.0
6634,低风险,0.0
3641,低风险,35.0
7524,低风险,20.0
4550,低风险,0.0
6923,低风险,28.0
5957,低风险,35.0
7737,低风险,35.0
3102,低风险,10.0
1841,低风险,35.0
377,低风险,18.0
4827,低风险,18.0
10199,低风险,10.0
8737,低风险,35.0
4760,低风险,18.0
10851,低风险,28.0
3068,低风险,28.0
6152,低风险,35.0
6472,低风险,35.0
11052,低风险,35.0
1844,低风险,28.0
9338,低风险,35.0
10781,低风险,10.0
1779,低风险,35.0
9144,低风险,35.0
10052,低风险,10.0
2945,低风险,35.0
7742,低风险,18.0
9141,低风险,35.0
2681,低风险,35.0
6274,低风险,20.0
7082,低风险,35.0
7358,低风险,0.0
6184,低风险,35.0
6102,低风险,35.0
6479,低风险,35.0
10303,低风险,10.0
9767,低风险,10.0
4600,低风险,35.0
10227,低风险,35.0
7034,低风险,0.0
1163,低风险,35.0
10459,低风险,0.0
8870,低风险,28.0
9136,低风险,28.0
10932,低风险,35.0
1776,低风险,35.0
6225,低风险,35.0
10811,低风险,35.0
4130,低风险,35.0
4453,低风险,0.0
6925,低风险,35.0
6693,低风险,35.0
7746,低风险,35.0
6107,低风险,35.0
8899,低风险,35.0
297,低风险,35.0
10313,低风险,10.0
4126,低风险,35.0
6686,低风险,28.0
6462,低风险,35.0
8624,低风险,35.0
1419,低风险,10.0
310,低风险,28.0
7468,低风险,0.0
8796,低风险,20.0
3056,低风险,35.0
6191,低风险,10.0
1556,低风险,35.0
2390,低风险,10.0
10752,低风险,18.0
1987,低风险,35.0
4814,低风险,35.0
11047,低风险,35.0
1532,低风险,35.0
7570,低风险,28.0
5097,低风险,35.0
9552,低风险,18.0
9430,低风险,35.0
10464,低风险,35.0
9332,低风险,35.0
9278,低风险,35.0
9381,低风险,0.0
6018,低风险,0.0
10584,低风险,35.0
6631,低风险,35.0
4773,低风险,35.0
7322,低风险,0.0
4705,低风险,35.0
6119,低风险,0.0
7282,低风险,18.0
5103,低风险,35.0
6677,低风险,35.0
6220,低风险,35.0
4017,低风险,35.0
8824,低风险,35.0
8265,低风险,35.0
4824,低风险,35.0
2457,低风险,20.0
1535,低风险,35.0
1962,低风险,28.0
4685,低风险,28.0
3571,低风险,10.0
1576,低风险,0.0
10587,低风险,35.0
6540,低风险,20.0
8492,低风险,28.0
4028,低风险,28.0
4095,低风险,0.0
10468,低风险,35.0
4596,低风险,10.0
3504,低风险,18.0
5078,低风险,35.0
10998,低风险,28.0
10717,低风险,35.0
422,低风险,18.0
7664,低风险,0.0
1438,低风险,35.0
4026,低风险,35.0
9432,低风险,0.0
3896,低风险,0.0
4019,低风险,35.0
4594,低风险,35.0
10735,低风险,35.0
7321,低风险,35.0
4687,低风险,35.0
10837,低风险,18.0
6164,低风险,35.0
7093,低风险,0.0
10457,低风险,28.0
5436,低风险,28.0
3448,低风险,35.0
6171,低风险,35.0
7390,低风险,10.0
1549,低风险,35.0
4823,低风险,35.0
2774,低风险,35.0
5423,低风险,35.0
6373,低风险,35.0
9349,低风险,35.0
1120,低风险,35.0
2764,低风险,35.0
1043,低风险,35.0
10760,低风险,10.0
4586,低风险,0.0
6323,低风险,35.0
3575,低风险,0.0
7086,低风险,35.0
8259,低风险,35.0
7183,低风险,28.0
3648,低风险,28.0
3108,低风险,35.0
7092,低风险,35.0
4012,低风险,10.0
3090,低风险,35.0
4780,低风险,35.0
4117,低风险,28.0
6516,低风险,28.0
9274,低风险,0.0
8461,低风险,0.0
4023,低风险,28.0
6478,低风险,35.0
2767,低风险,35.0
10469,低风险,18.0
1108,低风险,35.0
6021,低风险,28.0
6088,低风险,35.0
9562,低风险,35.0
6910,低风险,28.0
1726,低风险,35.0
1769,低风险,35.0
515,低风险,28.0
6454,低风险,0.0
3037,低风险,35.0
4587,低风险,20.0
6262,低风险,0.0
6467,低风险,35.0
312,低风险,0.0
8630,低风险,18.0
4799,低风险,28.0
3767,低风险,20.0
4889,低风险,35.0
2844,低风险,35.0
4584,低风险,35.0
3021,低风险,0.0
926,低风险,35.0
9756,低风险,35.0
5406,低风险,35.0
1262,低风险,20.0
9376,低风险,35.0
7287,低风险,0.0
3079,低风险,35.0
3932,低风险,35.0
9341,低风险,35.0
4483,低风险,35.0
10776,低风险,35.0
6263,低风险,10.0
4106,低风险,35.0
8740,低风险,18.0
2225,低风险,10.0
6927,低风险,28.0
10730,低风险,35.0
1113,低风险,28.0
10808,低风险,35.0
6933,低风险,28.0
7236,低风险,35.0
6128,低风险,0.0
6025,低风险,0.0
7577,低风险,35.0
5441,低风险,35.0
294,低风险,35.0
8261,低风险,35.0
4680,低风险,35.0
3043,低风险,0.0
5511,低风险,28.0
10751,低风险,10.0
7339,低风险,28.0
3040,低风险,28.0
8611,低风险,35.0
10403,低风险,18.0
3018,低风险,28.0
4127,低风险,35.0
8132,低风险,35.0
3032,低风险,28.0
1155,低风险,35.0
6556,低风险,35.0
8908,低风险,35.0
5139,低风险,10.0
2940,低风险,28.0
794,低风险,35.0
6502,低风险,0.0
2585,低风险,18.0
7323,低风险,35.0
6190,低风险,10.0
10727,低风险,28.0
10819,低风险,28.0
7582,低风险,35.0
10348,低风险,18.0
6173,低风险,35.0
8910,低风险,35.0
9516,低风险,0.0
7033,低风险,0.0
6224,低风险,28.0
5425,低风险,35.0
10754,低风险,20.0
7243,低风险,35.0
10038,低风险,0.0
6203,低风险,28.0
7574,低风险,35.0
9372,低风险,20.0
6447,低风险,35.0
4419,低风险,18.0
8822,低风险,35.0
8469,低风险,28.0
5432,低风险,35.0
10934,低风险,35.0
8828,低风险,0.0
8859,低风险,0.0
2684,低风险,28.0
305,低风险,35.0
8808,低风险,35.0
10305,低风险,35.0
10467,低风险,35.0
428,低风险,28.0
433,低风险,35.0
1122,低风险,35.0
5832,低风险,18.0
8402,低风险,35.0
7126,低风险,0.0
10813,低风险,10.0
4450,低风险,35.0
9492,低风险,35.0
9353,低风险,0.0
7355,低风险,28.0
1830,低风险,10.0
10471,低风险,35.0
2711,低风险,8.0
9487,低风险,10.0
10035,低风险,0.0
5301,低风险,0.0
8459,低风险,0.0
8866,低风险,18.0
9580,低风险,10.0
6110,低风险,35.0
9592,低风险,35.0
10824,低风险,35.0
1756,低风险,35.0
2674,低风险,35.0
920,低风险,35.0
5742,低风险,0.0
293,低风险,35.0
7096,低风险,35.0
492,低风险,0.0
10924,低风险,35.0
2214,低风险,35.0
9356,低风险,0.0
1146,低风险,35.0
313,低风险,35.0
4789,低风险,35.0
7734,低风险,18.0
10307,低风险,0.0
9385,低风险,35.0
6559,低风险,35.0
5346,低风险,35.0
6568,低风险,35.0
10731,低风险,35.0
8625,低风险,35.0
934,低风险,35.0
1452,低风险,35.0
4595,低风险,35.0
7341,低风险,28.0
4013,低风险,10.0
8250,低风险,35.0
9764,低风险,35.0
10299,低风险,10.0
8278,低风险,35.0
2671,低风险,35.0
7740,低风险,35.0
3511,低风险,0.0
4118,低风险,35.0
3951,低风险,28.0
4541,低风险,28.0
6680,低风险,28.0
1096,低风险,10.0
1883,低风险,28.0
6463,低风险,35.0
3107,低风险,18.0
10996,低风险,0.0
5424,低风险,0.0
4470,低风险,10.0
1110,低风险,0.0
3437,低风险,35.0
784,低风险,28.0
1843,低风险,35.0
3647,低风险,35.0
3077,低风险,35.0
4090,低风险,0.0
4777,低风险,35.0
1453,低风险,28.0
4234,低风险,35.0
7576,低风险,28.0
2454,中风险,20.0
2205,中风险,20.0
517,中风险,20.0
2446,中风险,20.0
514,中风险,20.0
10340,中风险,20.0
2195,中风险,20.0
8102,中风险,20.0
2452,中风险,20.0
708,中风险,20.0
2724,中风险,20.0
710,中风险,20.0
10203,中风险,20.0
4438,中风险,20.0
2706,中风险,20.0
4452,中风险,20.0
2453,中风险,20.0
6115,中风险,20.0
6114,中风险,20.0
10202,中风险,20.0
10342,中风险,20.0
6123,中风险,20.0
8111,中风险,20.0
711,中风险,20.0
528,中风险,20.0
6121,中风险,20.0
4437,中风险,20.0
10194,中风险,20.0
8109,中风险,20.0
709,中风险,20.0
10204,低风险,0.0
2715,中风险,20.0
8096,低风险,15.0
7454,中风险,20.0
10207,低风险,0.0
2718,中风险,20.0
10339,低风险,0.0
2197,中风险,20.0
7451,中风险,20.0
2722,中风险,20.0
10209,低风险,0.0
527,中风险,20.0
8106,中风险,20.0
2445,低风险,0.0
10338,中风险,20.0
2712,中风险,20.0
2719,中风险,20.0
2201,中风险,30.0
707,中风险,20.0
10195,中风险,20.0
6122,中风险,20.0
2189,中风险,20.0
10344,低风险,0.0
8095,低风险,0.0
8800,中风险,20.0
3750,中风险,20.0
7067,低风险,10.0
8799,中风险,20.0
4984,中风险,20.0
5412,中风险,20.0
4401,中风险,20.0
5535,中风险,20.0
4417,中风险,20.0
3766,中风险,20.0
5416,中风险,20.0
4981,中风险,20.0
7074,中风险,20.0
5534,中风险,20.0
8623,中风险,20.0
4978,中风险,20.0
9373,高风险,40.0
5409,中风险,20.0
7066,中风险,20.0
3903,中风险,20.0
7120,中风险,20.0
7075,中风险,20.0
8632,中风险,20.0
4412,中风险,20.0
3902,低风险,10.0
3756,中风险,20.0
8797,中风险,20.0
8631,中风险,20.0
8483,低风险,10.0
4413,中风险,20.0
5413,中风险,20.0
8499,中风险,20.0
8498,低风险,0.0
4414,中风险,20.0
4411,中风险,20.0
8805,中风险,20.0
3900,中风险,20.0
5358,高风险,40.0
3755,中风险,20.0
3758,低风险,0.0
8804,中风险,20.0
8634,中风险,20.0
8803,中风险,20.0
3763,中风险,55.0
4985,中风险,20.0
4409,中风险,20.0
351,中风险,20.0
370,中风险,20.0
2241,中风险,20.0
10656,中风险,20.0
2234,中风险,20.0
2067,中风险,20.0
7640,中风险,20.0
571,中风险,20.0
154,中风险,20.0
566,中风险,20.0
10087,高风险,40.0
8181,中风险,20.0
6757,中风险,20.0
2233,中风险,20.0
577,中风险,20.0
2232,中风险,20.0
6761,中风险,20.0
2246,中风险,20.0
369,低风险,20.0
10666,中风险,20.0
1496,中风险,20.0
565,中风险,20.0
1495,中风险,20.0
3322,高风险,40.0
1497,低风险,0.0
2239,中风险,20.0
354,中风险,20.0
1499,中风险,20.0
2236,低风险,18.0
150,中风险,20.0
8182,中风险,20.0
8175,低风险,0.0
8176,中风险,20.0
362,中风险,20.0
145,低风险,20.0
2063,中风险,20.0
141,低风险,0.0
2245,低风险,10.0
1318,低风险,0.0
1508,低风险,0.0
7642,低风险,0.0
575,低风险,0.0
8177,中风险,20.0
1348,中风险,20.0
3013,中风险,20.0
1186,中风险,20.0
3014,中风险,20.0
8375,中风险,20.0
3597,中风险,20.0
1358,中风险,20.0
1676,中风险,20.0
8224,中风险,20.0
3602,中风险,20.0
223,高风险,40.0
7985,中风险,20.0
1359,中风险,20.0
5762,中风险,20.0
1669,中风险,20.0
9100,中风险,20.0
7986,中风险,20.0
9109,中风险,20.0
9104,中风险,20.0
7265,高风险,40.0
3000,中风险,20.0
1674,中风险,40.0
1660,中风险,20.0
1352,中风险,20.0
3592,低风险,10.0
3601,中风险,20.0
8655,中风险,20.0
8645,中风险,20.0
8644,中风险,20.0
8370,低风险,0.0
1180,中风险,20.0
3009,中风险,38.0
7997,中风险,20.0
3593,中风险,20.0
8652,中风险,20.0
1181,中风险,20.0
8233,中风险,20.0
5761,中风险,20.0
1191,低风险,0.0
3591,中风险,20.0
1351,中风险,20.0
1190,中风险,20.0
7998,中风险,20.0
9105,中风险,38.0
8647,中风险,20.0
5765,中风险,20.0
7981,中风险,20.0
7979,中风险,20.0
8385,中风险,20.0
3003,中风险,20.0
5763,低风险,0.0
9440,中风险,20.0
7036,中风险,20.0
9439,中风险,20.0
11000,中风险,20.0
5822,中风险,20.0
1688,中风险,20.0
7055,中风险,20.0
11016,中风险,20.0
11012,中风险,20.0
3905,中风险,20.0
1690,中风险,20.0
7037,中风险,20.0
7043,中风险,20.0
9357,中风险,20.0
6269,中风险,20.0
11001,中风险,20.0
3907,中风险,20.0
3917,中风险,38.0
6273,中风险,20.0
2643,中风险,20.0
2642,中风险,20.0
10774,高风险,40.0
7040,中风险,20.0
9441,中风险,20.0
6267,低风险,0.0
3376,中风险,20.0
3363,中风险,20.0
2662,中风险,20.0
10604,高风险,40.0
9368,低风险,28.0
7044,中风险,20.0
5823,中风险,20.0
3904,中风险,20.0
9256,中风险,20.0
3913,低风险,0.0
7054,低风险,0.0
1686,中风险,20.0
6271,中风险,20.0
7491,低风险,10.0
3371,低风险,10.0
11015,中风险,20.0
9367,中风险,20.0
9254,中风险,20.0
9248,中风险,20.0
11002,中风险,20.0
9431,中风险,20.0
2209,中风险,20.0
4876,中风险,20.0
3050,高风险,40.0
10160,中风险,20.0
5501,中风险,20.0
4869,中风险,20.0
1450,中风险,20.0
8666,中风险,20.0
10161,中风险,20.0
8667,中风险,20.0
2223,中风险,20.0
2222,中风险,20.0
7196,中风险,20.0
7329,高风险,40.0
4870,中风险,20.0
5498,中风险,20.0
7191,中风险,20.0
939,中风险,20.0
4877,中风险,20.0
10167,中风险,20.0
1440,中风险,20.0
4873,中风险,20.0
5506,中风险,20.0
8676,中风险,20.0
8669,中风险,20.0
943,中风险,20.0
2388,中风险,20.0
4872,中风险,20.0
1733,高风险,40.0
4871,中风险,20.0
5508,中风险,20.0
2392,中风险,20.0
5495,低风险,0.0
1454,中风险,20.0
5491,中风险,20.0
5503,低风险,0.0
8675,中风险,20.0
6507,中风险,20.0
2213,低风险,20.0
1444,低风险,0.0
2217,中风险,20.0
7192,中风险,20.0
10163,中风险,20.0
8668,中风险,20.0
9484,中风险,48.0
7197,中风险,20.0
942,中风险,20.0
2206,低风险,0.0
1426,中风险,20.0
5684,中风险,20.0
8731,中风险,20.0
1965,中风险,20.0
7533,中风险,20.0
7544,中风险,20.0
7289,中风险,20.0
9522,中风险,20.0
6155,高风险,40.0
1422,中风险,20.0
1431,中风险,20.0
9517,中风险,20.0
9521,中风险,20.0
3073,中风险,20.0
2257,中风险,20.0
1427,中风险,20.0
1964,中风险,20.0
2247,中风险,20.0
1957,中风险,20.0
1138,中风险,20.0
8738,中风险,20.0
5678,中风险,20.0
8743,中风险,20.0
3060,中风险,20.0
8726,中风险,20.0
1959,中风险,20.0
7285,中风险,20.0
3072,中风险,20.0
7541,中风险,20.0
1949,中风险,20.0
1416,中风险,20.0
8733,中风险,20.0
1432,中风险,20.0
1420,低风险,0.0
1141,中风险,20.0
1950,低风险,0.0
7545,中风险,20.0
1878,中风险,20.0
8734,中风险,20.0
1424,低风险,0.0
7532,中风险,20.0
7586,高风险,40.0
1433,中风险,20.0
1888,低风险,0.0
5687,中风险,30.0
5682,中风险,20.0
1955,中风险,28.0
5675,中风险,20.0
3061,中风险,20.0
1136,中风险,20.0
9526,低风险,0.0
5669,低风险,0.0
2250,低风险,0.0
1434,中风险,20.0
3071,中风险,20.0
9456,中风险,20.0
3359,中风险,20.0
10118,中风险,20.0
9451,中风险,20.0
3967,中风险,20.0
3974,中风险,20.0
4507,中风险,20.0
3586,中风险,20.0
5869,中风险,20.0
3953,中风险,20.0
9450,中风险,20.0
4712,中风险,20.0
3351,中风险,20.0
872,中风险,20.0
3961,中风险,20.0
10125,中风险,20.0
4710,中风险,20.0
4199,中风险,20.0
10117,中风险,20.0
2182,中风险,20.0
3962,中风险,20.0
3356,中风险,20.0
3975,中风险,20.0
3959,中风险,20.0
4717,中风险,20.0
5866,中风险,20.0
4711,中风险,20.0
10121,中风险,20.0
3352,中风险,20.0
3588,中风险,20.0
870,中风险,20.0
4520,中风险,20.0
873,中风险,20.0
10129,中风险,20.0
4718,中风险,20.0
10130,中风险,20.0
4709,中风险,20.0
3968,中风险,20.0
4713,低风险,0.0
3343,中风险,20.0
2178,中风险,20.0
861,中风险,20.0
3970,中风险,20.0
4195,中风险,20.0
9446,中风险,20.0
3357,中风险,20.0
5873,中风险,20.0
3973,中风险,20.0
3972,低风险,10.0
874,中风险,20.0
10120,中风险,20.0
5875,中风险,20.0
9449,中风险,20.0
9455,中风险,20.0
3349,中风险,20.0
4206,中风险,28.0
4498,中风险,20.0
4497,中风险,20.0
10787,中风险,20.0
684,中风险,20.0
2433,中风险,20.0
279,高风险,40.0
5545,高风险,40.0
5485,中风险,20.0
5477,中风险,20.0
680,中风险,20.0
2291,中风险,20.0
10538,中风险,20.0
4503,中风险,20.0
10535,中风险,20.0
1476,中风险,20.0
10788,中风险,20.0
5488,中风险,20.0
10524,中风险,20.0
5481,中风险,20.0
5794,低风险,0.0
5479,中风险,20.0
4500,中风险,20.0
10285,中风险,20.0
5480,中风险,20.0
1480,中风险,20.0
10283,中风险,20.0
10516,中风险,20.0
5789,中风险,20.0
10294,低风险,0.0
1477,中风险,20.0
5486,中风险,20.0
683,中风险,20.0
10536,中风险,20.0
2740,低风险,0.0
2290,中风险,20.0
4499,中风险,20.0
10795,低风险,0.0
5787,中风险,20.0
695,中风险,20.0
10282,中风险,20.0
5199,低风险,0.0
10286,低风险,0.0
9240,低风险,10.0
6237,低风险,20.0
10330,低风险,20.0
10913,低风险,35.0
5324,低风险,35.0
9729,低风险,28.0
191,低风险,0.0
5570,低风险,20.0
6739,低风险,20.0
9616,低风险,0.0
5167,低风险,0.0
10529,低风险,0.0
5596,低风险,0.0
2739,低风险,10.0
1371,低风险,20.0
10707,低风险,35.0
2058,低风险,0.0
6840,低风险,28.0
622,低风险,0.0
8719,低风险,0.0
1232,低风险,0.0
95,低风险,20.0
7217,低风险,18.0
2265,低风险,0.0
5974,低风险,0.0
2123,低风险,0.0
6233,低风险,20.0
10797,低风险,20.0
8703,低风险,0.0
7873,低风险,35.0
1599,低风险,0.0
8561,低风险,20.0
9849,低风险,20.0
9316,低风险,0.0
1617,低风险,20.0
9318,低风险,20.0
10642,低风险,20.0
7414,低风险,10.0
8875,低风险,0.0
5547,低风险,0.0
8699,低风险,20.0
8714,低风险,20.0
10710,低风险,20.0
4259,低风险,0.0
3489,低风险,0.0
2010,低风险,0.0
3529,低风险,10.0
8,低风险,10.0
2169,低风险,20.0
247,低风险,20.0
3658,低风险,28.0
3120,低风险,0.0
2007,低风险,0.0
4042,低风险,0.0
2057,低风险,20.0
3541,低风险,20.0
7272,低风险,20.0
5185,低风险,0.0
8760,低风险,20.0
5269,低风险,20.0
2747,低风险,0.0
7222,低风险,0.0
3484,低风险,20.0
2913,低风险,0.0
9808,低风险,0.0
9733,低风险,20.0
1197,低风险,28.0
2262,低风险,10.0
9042,低风险,0.0
8525,低风险,28.0
5965,低风险,28.0
9218,低风险,28.0
5803,低风险,35.0
7367,低风险,28.0
9530,低风险,20.0
112,低风险,20.0
7922,低风险,20.0
3235,低风险,20.0
7001,低风险,20.0
9059,低风险,20.0
6709,低风险,0.0
1523,低风险,0.0
8931,低风险,20.0
818,低风险,20.0
6033,低风险,20.0
2009,低风险,0.0
6582,低风险,10.0
2097,低风险,10.0
3605,低风险,18.0
9229,低风险,10.0
9734,低风险,0.0
1235,低风险,10.0
3195,低风险,10.0
1393,低风险,20.0
1628,低风险,20.0
9841,低风险,0.0
4619,低风险,10.0
1527,低风险,0.0
1385,低风险,20.0
10190,低风险,0.0
7899,低风险,0.0
3793,低风险,0.0
10539,低风险,0.0
3216,低风险,0.0
6975,低风险,20.0
7855,低风险,0.0
839,低风险,0.0
1659,低风险,0.0
2125,低风险,20.0
9067,低风险,0.0
10554,低风险,20.0
10652,低风险,0.0
8228,低风险,0.0
2887,低风险,0.0
1236,低风险,0.0
9830,低风险,0.0
631,低风险,0.0
3016,低风险,28.0
8653,低风险,0.0
3137,低风险,0.0
9884,低风险,0.0
7706,低风险,10.0
9048,低风险,0.0
8055,低风险,0.0
10361,低风险,10.0
6235,低风险,0.0
3796,低风险,10.0
8017,低风险,0.0
9599,低风险,0.0
6082,低风险,20.0
5541,低风险,20.0
634,低风险,10.0
2124,低风险,20.0
9891,低风险,28.0
8640,低风险,0.0
10323,低风险,0.0
2485,低风险,28.0
5693,低风险,35.0
4189,低风险,20.0
3116,低风险,10.0
12,低风险,20.0
609,低风险,0.0
3229,低风险,20.0
4631,低风险,35.0
10335,低风险,0.0
9221,低风险,20.0
7764,低风险,0.0
10062,低风险,0.0
621,低风险,0.0
5559,低风险,0.0
7988,低风险,28.0
8994,低风险,20.0
2385,低风险,10.0
8945,低风险,20.0
9839,低风险,10.0
3,低风险,0.0
2103,低风险,18.0
9202,低风险,0.0
8928,低风险,0.0
3381,低风险,10.0
10133,低风险,20.0
8056,低风险,0.0
5990,低风险,0.0
8580,低风险,10.0
1707,低风险,20.0
5474,低风险,10.0
9619,低风险,0.0
7761,低风险,0.0
8713,低风险,0.0
2144,低风险,10.0
7271,低风险,10.0
9903,低风险,20.0
3769,低风险,20.0
8920,低风险,0.0
10527,低风险,0.0
3453,低风险,20.0
3005,低风险,10.0
394,低风险,10.0
2438,低风险,10.0
10180,低风险,0.0
6241,低风险,0.0
396,低风险,0.0
3886,低风险,10.0
7876,低风险,0.0
195,低风险,18.0
6982,低风险,0.0
10918,低风险,28.0
4341,低风险,20.0
10495,低风险,0.0
1519,低风险,0.0
2488,低风险,0.0
10182,低风险,10.0
9883,低风险,0.0
8046,低风险,10.0
681,低风险,10.0
1705,低风险,0.0
2033,低风险,0.0
3181,低风险,0.0
5772,低风险,8.0
1865,高风险,40.0
2979,低风险,0.0
7756,低风险,0.0
9322,低风险,20.0
691,低风险,0.0
10175,低风险,0.0
2051,低风险,0.0
4180,低风险,20.0
3297,低风险,20.0
7173,低风险,0.0
3206,低风险,28.0
2999,低风险,20.0
8094,低风险,28.0
272,低风险,20.0
10980,低风险,0.0
6967,低风险,10.0
6300,低风险,28.0
6041,低风险,20.0
3883,低风险,20.0
7370,低风险,10.0
8522,低风险,0.0
389,低风险,0.0
819,低风险,20.0
8716,低风险,0.0
4573,低风险,10.0
7170,低风险,0.0
401,低风险,0.0
8378,低风险,0.0
4052,低风险,10.0
5977,低风险,0.0
10292,低风险,0.0
4394,低风险,28.0
2970,低风险,20.0
4251,低风险,0.0
8452,低风险,0.0
7887,低风险,0.0
1525,低风险,20.0
5805,低风险,20.0
4566,低风险,35.0
2354,低风险,0.0
3377,低风险,18.0
5975,低风险,20.0
7861,低风险,10.0
3783,低风险,0.0
2431,低风险,10.0
3286,低风险,8.0
2298,低风险,28.0
9107,低风险,35.0
9078,低风险,20.0
5770,低风险,35.0
4051,低风险,20.0
7262,低风险,35.0
9300,低风险,0.0
9615,低风险,35.0
4254,低风险,20.0
2137,低风险,0.0
692,低风险,0.0
3522,低风险,10.0
11025,低风险,10.0
3211,低风险,20.0
6710,低风险,0.0
10552,低风险,8.0
1517,低风险,0.0
9655,低风险,28.0
5706,低风险,0.0
6733,低风险,10.0
2114,低风险,0.0
2264,低风险,10.0
8535,低风险,20.0
9055,低风险,0.0
3202,低风险,35.0
5982,低风险,35.0
9895,低风险,20.0
3655,低风险,10.0
1667,低风险,0.0
1246,低风险,0.0
9906,低风险,0.0
114,低风险,20.0
7894,低风险,35.0
10187,低风险,35.0
2021,低风险,0.0
3801,低风险,0.0
1515,低风险,20.0
8519,低风险,35.0
3774,低风险,0.0
7177,低风险,35.0
8377,低风险,35.0
9934,低风险,28.0
3179,低风险,0.0
2091,低风险,28.0
6078,低风险,20.0
11021,低风险,10.0
9223,低风险,0.0
4649,低风险,20.0
8059,低风险,0.0
1675,低风险,0.0
2735,低风险,28.0
2415,低风险,0.0
2490,低风险,20.0
9869,低风险,0.0
3516,低风险,10.0
7864,低风险,20.0
4310,低风险,8.0
1587,低风险,20.0
3391,低风险,0.0
9620,低风险,0.0
9550,低风险,20.0
5985,低风险,10.0
2884,低风险,10.0
5188,低风险,10.0
4494,低风险,35.0
6084,低风险,0.0
9402,低风险,20.0
4040,低风险,0.0
7377,低风险,35.0
10483,低风险,0.0
8751,低风险,20.0
2749,低风险,20.0
7270,低风险,0.0
7897,低风险,20.0
10987,低风险,0.0
5707,低风险,20.0
5327,低风险,10.0
8012,低风险,28.0
9954,低风险,0.0
1624,低风险,20.0
8583,低风险,0.0
8346,低风险,0.0
10447,低风险,20.0
8088,低风险,18.0
10488,低风险,0.0
8300,低风险,0.0
9217,低风险,28.0
10484,低风险,0.0
1819,低风险,10.0
4143,低风险,0.0
989,低风险,0.0
9324,低风险,0.0
10487,低风险,0.0
7178,低风险,10.0
9232,低风险,0.0
1184,低风险,0.0
1389,低风险,35.0
602,低风险,20.0
2269,低风险,0.0
3010,低风险,10.0
7624,低风险,0.0
4249,低风险,0.0
4397,低风险,28.0
4572,低风险,28.0
8984,低风险,28.0
7399,低风险,0.0
2377,低风险,20.0
9238,低风险,35.0
122,低风险,28.0
2435,低风险,28.0
3875,低风险,35.0
4501,低风险,35.0
2434,低风险,8.0
4426,低风险,18.0
1394,低风险,0.0
2894,低风险,35.0
5801,低风险,35.0
9081,低风险,0.0
6589,低风险,0.0
8341,低风险,0.0
4312,低风险,20.0
7435,低风险,0.0
8226,低风险,0.0
6083,低风险,20.0
8980,低风险,35.0
5182,低风险,28.0
618,低风险,0.0
1709,低风险,20.0
1514,低风险,0.0
184,低风险,0.0
8455,低风险,0.0
2484,低风险,10.0
7417,低风险,20.0
9298,低风险,0.0
9843,低风险,35.0
4182,低风险,35.0
10056,低风险,28.0
2421,低风险,0.0
8654,低风险,0.0
5798,低风险,0.0
5598,低风险,28.0
10533,低风险,0.0
10860,低风险,10.0
2113,低风险,0.0
3599,低风险,20.0
8064,低风险,0.0
838,低风险,20.0
9307,低风险,20.0
8977,低风险,20.0
3395,低风险,0.0
7767,低风险,35.0
2130,低风险,20.0
7157,低风险,20.0
5205,低风险,28.0
4560,低风险,0.0
10189,低风险,0.0
10863,低风险,10.0
393,低风险,0.0
6844,低风险,0.0
4495,低风险,0.0
7633,低风险,0.0
1582,低风险,20.0
9230,低风险,18.0
9241,低风险,10.0
2364,低风险,0.0
10450,低风险,20.0
5204,低风险,35.0
9669,低风险,0.0
1664,低风险,0.0
9956,低风险,0.0
7883,低风险,28.0
2152,低风险,0.0
8933,低风险,0.0
1474,低风险,35.0
2427,低风险,18.0
8015,低风险,10.0
2025,低风险,0.0
1479,低风险,20.0
3777,低风险,10.0
1370,低风险,20.0
5783,低风险,28.0
844,低风险,0.0
6721,低风险,28.0
10288,低风险,0.0
7227,低风险,28.0
4330,低风险,0.0
8517,低风险,35.0
3219,低风险,28.0
7226,低风险,20.0
8058,低风险,20.0
2026,低风险,20.0
4337,低风险,20.0
7900,低风险,20.0
982,低风险,0.0
4187,低风险,20.0
11018,低风险,10.0
4504,低风险,0.0
5802,低风险,0.0
204,低风险,28.0
84,低风险,0.0
9625,低风险,35.0
8325,低风险,10.0
8642,低风险,10.0
10785,低风险,20.0
3183,低风险,28.0
682,低风险,18.0
9628,低风险,28.0
3185,低风险,28.0
9872,低风险,35.0
8319,低风险,10.0
7113,低风险,20.0
5791,低风险,20.0
1369,低风险,10.0
9866,低风险,18.0
9680,低风险,28.0
3594,低风险,0.0
1699,低风险,0.0
2344,低风险,0.0
9815,低风险,35.0
9060,低风险,35.0
7112,低风险,18.0
10445,低风险,18.0
8373,低风险,10.0
10669,低风险,0.0
10681,低风险,18.0
10796,低风险,0.0
8702,低风险,10.0
7924,低风险,0.0
5767,低风险,10.0
6319,低风险,10.0
8989,低风险,0.0
7259,低风险,20.0
235,低风险,35.0
4257,低风险,0.0
1594,低风险,18.0
8930,低风险,0.0
9398,低风险,0.0
5962,低风险,0.0
1194,低风险,28.0
3600,低风险,28.0
8697,低风险,20.0
8293,低风险,0.0
10793,低风险,10.0
2369,低风险,28.0
10054,低风险,18.0
10480,低风险,18.0
6962,低风险,8.0
7216,低风险,0.0
9233,低风险,0.0
5807,低风险,28.0
3676,低风险,28.0
7200,低风险,10.0
10420,低风险,28.0
7623,低风险,35.0
623,低风险,35.0
5335,低风险,20.0
690,低风险,28.0
2093,低风险,18.0
2014,低风险,10.0
7770,低风险,20.0
2962,低风险,8.0
8577,低风险,0.0
4043,低风险,20.0
7638,低风险,18.0
3198,低风险,28.0
6586,低风险,0.0
10319,低风险,0.0
3390,低风险,20.0
637,低风险,28.0
4623,低风险,28.0
1415,低风险,0.0
8991,低风险,28.0
1620,低风险,28.0
6712,低风险,20.0
2273,低风险,10.0
3882,低风险,18.0
970,低风险,35.0
1234,低风险,28.0
1530,低风险,35.0
5221,低风险,28.0
10142,低风险,0.0
8723,低风险,35.0
9674,低风险,35.0
3122,低风险,0.0
9940,低风险,18.0
6239,低风险,18.0
7856,低风险,20.0
3292,低风险,8.0
9805,低风险,18.0
9881,低风险,10.0
9325,低风险,28.0
2168,低风险,0.0
3557,低风险,18.0
7984,低风险,0.0
7382,低风险,10.0
1814,低风险,35.0
5601,低风险,35.0
9824,低风险,28.0
9671,低风险,0.0
5976,低风险,0.0
7412,低风险,20.0
11041,低风险,20.0
203,低风险,18.0
10992,低风险,28.0
5330,低风险,28.0
8641,低风险,0.0
9613,低风险,20.0
8769,低风险,10.0
2134,低风险,0.0
5475,低风险,0.0
9404,低风险,28.0
5605,低风险,0.0
3190,低风险,0.0
3657,低风险,28.0
7116,低风险,28.0
4603,低风险,0.0
1824,低风险,0.0
3530,低风险,0.0
5217,低风险,10.0
2289,低风险,0.0
3776,低风险,0.0
4339,低风险,28.0
2381,低风险,20.0
5342,低风险,0.0
8919,低风险,20.0
5336,低风险,20.0
128,低风险,0.0
1716,低风险,20.0
4569,低风险,25.0
7925,低风险,8.0
7705,低风险,28.0
188,低风险,0.0
3603,低风险,0.0
5195,低风险,0.0
8572,低风险,20.0
10326,低风险,8.0
5785,低风险,28.0
4430,低风险,0.0
5603,低风险,18.0
3514,低风险,20.0
8712,低风险,0.0
1614,低风险,0.0
5612,低风险,10.0
6970,低风险,20.0
986,低风险,20.0
2985,低风险,28.0
9653,低风险,0.0
4145,低风险,0.0
10525,低风险,0.0
1240,低风险,18.0
7223,低风险,20.0
10350,低风险,8.0
8051,低风险,20.0
193,低风险,28.0
8709,低风险,10.0
8942,低风险,20.0
8755,低风险,35.0
395,低风险,35.0
2355,低风险,20.0
5611,低风险,35.0
2910,低风险,20.0
6706,低风险,0.0
1376,低风险,35.0
5176,低风险,20.0
3671,低风险,0.0
2410,低风险,28.0
9219,低风险,10.0
2755,低风险,0.0
9173,低风险,0.0
6718,低风险,0.0
4175,低风险,28.0
228,低风险,0.0
4387,低风险,20.0
8982,低风险,0.0
10138,低风险,0.0
8575,低风险,0.0
9603,低风险,0.0
9667,低风险,35.0
1713,低风险,20.0
6317,低风险,20.0
4620,低风险,28.0
2050,低风险,0.0
2030,低风险,28.0
4260,低风险,0.0
5270,低风险,0.0
1372,低风险,0.0
1602,低风险,0.0
8764,低风险,0.0
9064,低风险,20.0
8352,低风险,0.0
2977,低风险,0.0
2371,低风险,10.0
2352,低风险,28.0
10784,低风险,0.0
190,低风险,35.0
8649,低风险,18.0
7442,低风险,28.0
7002,低风险,10.0
8934,低风险,0.0
7928,低风险,20.0
7404,高风险,40.0
9732,低风险,0.0
9687,低风险,20.0
4608,低风险,20.0
2142,低风险,20.0
3477,低风险,0.0
3670,低风险,20.0
3552,低风险,20.0
2965,低风险,28.0
9165,低风险,10.0
7202,低风险,20.0
7992,低风险,0.0
6591,低风险,0.0
9406,低风险,10.0
1668,低风险,20.0
6720,低风险,0.0
10706,低风险,0.0
4177,低风险,0.0
1580,低风险,20.0
1622,低风险,20.0
5606,低风险,0.0
3121,低风险,20.0
5648,低风险,0.0
2140,低风险,35.0
3194,低风险,18.0
8450,低风险,20.0
7369,低风险,35.0
3683,低风险,20.0
4317,低风险,0.0
7987,低风险,0.0
4174,低风险,18.0
987,低风险,18.0
7424,低风险,20.0
4640,低风险,18.0
6708,低风险,10.0
3001,低风险,28.0
4616,低风险,20.0
11028,低风险,0.0
7274,低风险,0.0
2437,低风险,18.0
7174,低风险,28.0
6997,低风险,35.0
9665,低风险,18.0
6974,低风险,28.0
2986,低风险,10.0
9909,低风险,28.0
2418,低风险,20.0
2104,低风险,0.0
5206,低风险,10.0
1670,低风险,20.0
7697,低风险,0.0
7709,低风险,10.0
3604,低风险,20.0
9313,低风险,0.0
2972,低风险,0.0
9045,低风险,0.0
3664,低风险,0.0
5179,低风险,0.0
197,低风险,20.0
8990,低风险,20.0
5695,低风险,0.0
6719,低风险,35.0
5998,低风险,0.0
694,低风险,10.0
8230,低风险,0.0
8718,低风险,10.0
3454,低风险,0.0
10412,低风险,18.0
5216,低风险,0.0
10192,低风险,10.0
10985,低风险,10.0
3466,低风险,0.0
7004,低风险,10.0
3397,低风险,0.0
7429,低风险,18.0
7923,低风险,10.0
1592,低风险,0.0
2107,低风险,0.0
8881,低风险,0.0
847,低风险,18.0
5175,低风险,0.0
1188,低风险,0.0
8290,低风险,20.0
3542,低风险,18.0
9072,低风险,0.0
7371,低风险,18.0
2102,低风险,20.0
6973,低风险,18.0
6984,低风险,0.0
2345,低风险,28.0
7978,低风险,0.0
8333,低风险,0.0
9833,低风险,20.0
3379,低风险,20.0
123,低风险,10.0
7439,低风险,0.0
3674,低风险,28.0
2272,低风险,0.0
2263,低风险,18.0
2136,低风险,0.0
5325,低风险,0.0
2038,低风险,0.0
1672,低风险,18.0
3178,低风险,0.0
4334,低风险,28.0
4138,低风险,28.0
1621,低风险,35.0
8337,低风险,35.0
10993,低风险,0.0
1404,低风险,28.0
4395,低风险,28.0
2374,低风险,0.0
1708,低风险,0.0
1717,低风险,20.0
4331,低风险,0.0
5539,低风险,10.0
7758,低风险,0.0
4382,低风险,28.0
10061,低风险,20.0
640,低风险,20.0
3474,低风险,10.0
10862,低风险,0.0
3528,低风险,0.0
180,低风险,0.0
2094,低风险,0.0
10363,低风险,0.0
4431,低风险,28.0
5665,低风险,35.0
610,低风险,10.0
11035,低风险,35.0
1657,低风险,10.0
9540,低风险,10.0
8227,低风险,28.0
975,低风险,28.0
10534,低风险,18.0
2045,低风险,0.0
9044,低风险,0.0
1529,低风险,0.0
9242,低风险,28.0
7366,低风险,28.0
1384,低风险,28.0
7434,低风险,28.0
4314,低风险,28.0
1704,低风险,28.0
7149,低风险,8.0
5542,低风险,0.0
5786,低风险,20.0
5489,低风险,0.0
9158,低风险,20.0
2360,低风险,10.0
5482,低风险,0.0
2753,低风险,0.0
3476,低风险,18.0
5689,低风险,10.0
8369,低风险,20.0
9171,低风险,10.0
1601,低风险,28.0
7211,低风险,28.0
2904,低风险,28.0
7868,低风险,0.0
5561,低风险,0.0
5781,低风险,0.0
6985,低风险,35.0
7993,低风险,0.0
9878,低风险,0.0
3781,低风险,0.0
1813,低风险,8.0
6700,低风险,0.0
1673,低风险,0.0
6231,低风险,0.0
9813,低风险,0.0
7687,低风险,0.0
8093,低风险,0.0
2963,低风险,18.0
4340,低风险,20.0
7874,低风险,0.0
10861,低风险,0.0
10545,低风险,0.0
1712,低风险,0.0
3290,低风险,0.0
9814,低风险,0.0
842,低风险,20.0
9213,低风险,0.0
10296,低风险,0.0
8283,低风险,0.0
4635,低风险,0.0
9948,低风险,35.0
8937,低风险,0.0
3208,低风险,10.0
9157,低风险,28.0
10058,低风险,18.0
5168,低风险,20.0
5969,低风险,28.0
9666,低风险,28.0
227,低风险,10.0
8700,低风险,0.0
3681,低风险,0.0
6304,低风险,28.0
3885,低风险,0.0
625,低风险,0.0
4575,低风险,0.0
3595,低风险,18.0
9859,低风险,0.0
5218,低风险,18.0
7427,低风险,18.0
3785,低风险,18.0
2161,低风险,35.0
2987,低风险,35.0
5664,低风险,18.0
8018,低风险,20.0
2156,低风险,0.0
8979,低风险,35.0
7862,低风险,0.0
6732,低风险,0.0
1482,低风险,20.0
4248,低风险,10.0
9175,低风险,35.0
9086,低风险,0.0
1189,低风险,20.0
9656,低风险,28.0
4567,低风险,35.0
9894,低风险,28.0
990,低风险,0.0
2487,低风险,10.0
11023,低风险,20.0
3236,低风险,35.0
1401,低风险,0.0
7017,低风险,28.0
9087,低风险,20.0
7754,低风险,28.0
9842,低风险,35.0
5774,低风险,0.0
2375,低风险,28.0
9896,低风险,0.0
6988,低风险,20.0
6730,低风险,0.0
5487,低风险,0.0
284,低风险,28.0
3789,低风险,35.0
3197,低风险,18.0
2115,低风险,0.0
8532,低风险,35.0
5711,低风险,35.0
8988,低风险,0.0
2151,低风险,28.0
2270,低风险,0.0
8708,低风险,10.0
8083,低风险,18.0
9534,低风险,35.0
2119,低风险,35.0
7627,低风险,35.0
8566,低风险,35.0
231,低风险,20.0
2128,低风险,35.0
1400,低风险,0.0
10177,低风险,18.0
7267,低风险,18.0
7699,低风险,28.0
10355,低风险,10.0
5224,低风险,8.0
3596,低风险,28.0
2039,低风险,20.0
8995,低风险,35.0
121,低风险,0.0
5993,低风险,20.0
9812,低风险,10.0
2267,低风险,28.0
10542,低风险,10.0
10424,低风险,0.0
3791,低风险,28.0
8643,低风险,0.0
1192,低风险,0.0
10419,低风险,0.0
6858,低风险,28.0
196,低风险,0.0
5961,低风险,18.0
2441,低风险,18.0
3461,低风险,28.0
7865,低风险,0.0
7208,低风险,28.0
10176,低风险,20.0
1596,低风险,20.0
3199,低风险,8.0
7870,低风险,35.0
9288,低风险,35.0
10910,低风险,8.0
134,低风险,20.0
8065,低风险,35.0
10694,低风险,0.0
8372,低风险,20.0
9904,低风险,35.0
1610,低风险,35.0
8451,低风险,18.0
6838,低风险,28.0
3385,低风险,0.0
1600,低风险,0.0
9095,低风险,35.0
1337,低风险,0.0
86,低风险,35.0
1395,低风险,18.0
7438,低风险,28.0
1817,低风险,18.0
3795,低风险,28.0
8223,低风险,28.0
2442,低风险,28.0
2726,低风险,18.0
687,低风险,35.0
830,低风险,0.0
9912,低风险,20.0
821,低风险,28.0
8981,低风险,20.0
10521,低风险,18.0
9228,低风险,35.0
5595,低风险,18.0
9280,低风险,10.0
5966,低风险,0.0
8379,低风险,0.0
2027,低风险,28.0
7751,低风险,35.0
4146,低风险,10.0
261,低风险,20.0
8893,低风险,28.0
2754,低风险,10.0
9068,低风险,20.0
10551,低风险,0.0
9911,低风险,35.0
4258,低风险,35.0
19,低风险,0.0
1345,低风险,0.0
7871,低风险,20.0
1187,低风险,0.0
9612,低风险,0.0
9102,低风险,35.0
10172,低风险,35.0
10701,低风险,18.0
10422,低风险,35.0
6854,低风险,35.0
6725,低风险,0.0
10414,低风险,28.0
10909,低风险,18.0
10494,低风险,0.0
10423,低风险,0.0
4032,低风险,0.0
7436,低风险,28.0
4614,低风险,20.0
4183,低风险,20.0
104,低风险,20.0
2902,低风险,18.0
1350,低风险,0.0
6234,低风险,0.0
9400,低风险,0.0
7365,低风险,20.0
6728,低风险,28.0
7411,低风险,0.0
3532,低风险,0.0
10981,低风险,0.0
9951,低风险,35.0
9685,低风险,28.0
5209,低风险,0.0
3884,低风险,35.0
10453,低风险,20.0
1644,低风险,0.0
3118,低风险,20.0
5775,低风险,0.0
8010,低风险,20.0
10368,低风险,28.0
5779,低风险,28.0
685,低风险,28.0
5806,低风险,0.0
7628,低风险,20.0
5778,低风险,0.0
832,低风险,28.0
10295,低风险,28.0
2751,低风险,0.0
859,低风险,28.0
10696,低风险,20.0
5169,低风险,0.0
5180,低风险,0.0
9901,低风险,20.0
9952,低风险,0.0
2055,低风险,10.0
1354,低风险,0.0
4557,低风险,0.0
7877,低风险,10.0
10135,低风险,0.0
1491,低风险,20.0
3536,低风险,0.0
7426,低风险,10.0
10801,低风险,8.0
202,低风险,10.0
4612,低风险,35.0
2023,低风险,0.0
6972,低风险,0.0
7926,低风险,0.0
9728,低风险,20.0
7636,低风险,0.0
7708,低风险,28.0
3383,低风险,18.0
977,低风险,28.0
7378,低风险,0.0
10986,低风险,0.0
3152,低风险,10.0
3132,低风险,28.0
2092,低风险,10.0
4564,低风险,0.0
6853,低风险,28.0
5991,低风险,20.0
4383,低风险,35.0
9679,低风险,10.0
9725,低风险,28.0
282,低风险,10.0
1397,低风险,0.0
8757,低风险,0.0
9286,低风险,10.0
3002,低风险,0.0
4256,低风险,20.0
9537,低风险,18.0
5223,低风险,20.0
10802,低风险,18.0
8573,低风险,28.0
6387,低风险,20.0
5200,低风险,35.0
3125,低风险,0.0
5655,低风险,0.0
5220,低风险,18.0
6703,低风险,10.0
10523,低风险,28.0
5543,低风险,35.0
3380,低风险,0.0
3283,低风险,18.0
9312,低风险,0.0
1487,低风险,0.0
7169,低风险,0.0
8650,低风险,18.0
8294,低风险,35.0
8579,低风险,0.0
5337,低风险,35.0
9216,低风险,35.0
3682,低风险,20.0
403,低风险,0.0
7854,低风险,0.0
10856,低风险,18.0
5795,低风险,20.0
9865,低风险,18.0
7630,低风险,10.0
192,低风险,28.0
8691,低风险,0.0
2099,低风险,0.0
7760,低风险,0.0
1611,低风险,0.0
9049,低风险,28.0
6305,低风险,18.0
10919,低风险,18.0
3450,低风险,0.0
6727,低风险,35.0
1347,低风险,20.0
5812,低风险,0.0
9310,低风险,0.0
1475,低风险,0.0
9164,低风险,28.0
2893,低风险,0.0
402,低风险,10.0
5780,低风险,0.0
4424,低风险,10.0
823,低风险,35.0
9544,低风险,10.0
9281,低风险,0.0
1615,低风险,0.0
9935,低风险,0.0
139,低风险,10.0
10991,低风险,0.0
1663,低风险,0.0
1342,低风险,35.0
6593,低风险,28.0
2141,低风险,35.0
8985,低风险,18.0
9717,低风险,0.0
1336,低风险,35.0
7158,低风险,10.0
4605,低风险,35.0
1720,低风险,35.0
8004,低风险,10.0
9403,低风险,10.0
6391,低风险,8.0
8449,低风险,8.0
689,低风险,0.0
4038,低风险,0.0
8298,低风险,35.0
2419,低风险,35.0
6731,低风险,0.0
5608,低风险,8.0
2908,低风险,0.0
7176,低风险,35.0
6069,低风险,28.0
10140,低风险,18.0
6859,低风险,28.0
2918,低风险,35.0
2351,低风险,0.0
976,低风险,0.0
5654,低风险,35.0
8941,低风险,0.0
3130,低风险,28.0
4489,低风险,0.0
7688,低风险,0.0
3215,低风险,35.0
9302,低风险,0.0
8006,低风险,10.0
7224,低风险,35.0
253,低风险,28.0
10362,低风险,35.0
7896,低风险,35.0
4142,低风险,35.0
187,低风险,35.0
115,低风险,35.0
9960,低风险,20.0
1863,低风险,0.0
3524,低风险,35.0
127,低风险,18.0
4132,低风险,35.0
3555,低风险,10.0
8939,低风险,0.0
9314,低风险,10.0
8685,低风险,0.0
5768,低风险,35.0
5277,低风险,28.0
9818,低风险,0.0
10349,低风险,28.0
2379,低风险,0.0
5331,低风险,35.0
6034,低风险,0.0
179,低风险,35.0
5994,低风险,20.0
1849,低风险,28.0
2122,低风险,20.0
5699,低风险,28.0
9731,低风险,28.0
3545,低风险,28.0
9547,低风险,0.0
4391,低风险,35.0
2013,低风险,35.0
8588,低风险,35.0
2024,低风险,35.0
9106,低风险,0.0
8695,低风险,0.0
10417,低风险,0.0
10908,低风险,20.0
1375,低风险,35.0
5988,低风险,0.0
254,低风险,18.0
6969,低风险,0.0
9538,低风险,35.0
3182,低风险,0.0
8687,低风险,28.0
3146,低风险,28.0
6038,低风险,10.0
5766,低风险,18.0
2966,低风险,18.0
3549,低风险,35.0
10640,低风险,28.0
1367,低风险,10.0
3490,低风险,20.0
7275,低风险,10.0
183,低风险,20.0
4263,低风险,0.0
5691,低风险,18.0
10354,低风险,10.0
9065,低风险,0.0
270,低风险,28.0
8330,低风险,35.0
8763,低风险,18.0
2016,低风险,35.0
10333,低风险,18.0
267,低风险,10.0
7014,低风险,28.0
5210,低风险,0.0
239,低风险,35.0
1662,低风险,10.0
133,低风险,28.0
10700,低风险,35.0
8533,低风险,18.0
4168,低风险,35.0
6074,低风险,35.0
9090,低风险,0.0
6976,低风险,0.0
5173,低风险,0.0
9080,低风险,28.0
5267,低风险,20.0
3228,低风险,0.0
7402,低风险,20.0
1403,低风险,0.0
1411,低风险,0.0
5274,低风险,35.0
5571,低风险,0.0
9079,低风险,10.0
6393,低风险,20.0
3465,低风险,0.0
7408,低风险,28.0
10790,低风险,18.0
4039,低风险,35.0
2734,低风险,10.0
3668,低风险,0.0
10518,低风险,20.0
9854,低风险,10.0
2727,低风险,10.0
9308,低风险,0.0
8921,低风险,35.0
8049,低风险,20.0
628,低风险,28.0
7983,低风险,0.0
1490,低风险,0.0
3451,低风险,35.0
10526,低风险,0.0
8291,低风险,28.0
7253,低风险,28.0
9902,低风险,0.0
7892,低风险,0.0
8940,低风险,20.0
4267,低风险,20.0
7893,低风险,10.0
4610,低风险,20.0
8234,低风险,0.0
2976,低风险,0.0
9822,低风险,0.0
1825,低风险,0.0
8530,低风险,0.0
9099,低风险,0.0
10711,低风险,0.0
6742,低风险,0.0
1850,低风险,0.0
2118,低风险,0.0
1399,低风险,0.0
7701,低风险,0.0
11034,低风险,0.0
8457,低风险,0.0
8374,低风险,20.0
4496,低风险,10.0
8648,低风险,0.0
9167,低风险,0.0
288,低风险,28.0
5191,低风险,0.0
5171,低风险,35.0
5203,低风险,20.0
5964,低风险,20.0
9682,低风险,0.0
2417,低风险,0.0
9809,低风险,18.0
7251,低风险,35.0
2154,低风险,0.0
9670,低风险,8.0
10293,低风险,0.0
9735,低风险,28.0
10911,低风险,0.0
7428,低风险,18.0
1721,低风险,18.0
5181,低风险,35.0
10983,低风险,0.0
2426,低风险,18.0
6086,低风险,10.0
1485,低风险,35.0
6987,低风险,0.0
1402,低风险,28.0
2032,低风险,0.0
3669,低风险,10.0
4261,低风险,18.0
10693,低风险,0.0
3876,低风险,0.0
7693,低风险,28.0
10650,低风险,28.0
4050,低风险,18.0
9944,低风险,28.0
6596,低风险,20.0
4617,低风险,35.0
1492,低风险,10.0
2728,低风险,0.0
5800,低风险,0.0
281,低风险,35.0
7423,低风险,28.0
5,低风险,35.0
6704,低风险,28.0
9689,低风险,35.0
6998,低风险,35.0
9657,低风险,0.0
10982,低风险,0.0
7020,低风险,18.0
3133,低风险,35.0
2895,低风险,18.0
5968,低风险,10.0
10644,低风险,28.0
4624,低风险,0.0
9226,低风险,0.0
8943,低风险,28.0
7919,低风险,35.0
9941,低风险,8.0
2353,低风险,0.0
7214,低风险,28.0
4493,低风险,0.0
2744,低风险,28.0
9627,低风险,0.0
2160,低风险,0.0
5713,低风险,0.0
4046,低风险,18.0
4639,低风险,20.0
3538,低风险,10.0
8340,低风险,35.0
3200,低风险,28.0
3680,低风险,0.0
8986,低风险,0.0
9817,低风险,28.0
283,低风险,0.0
8938,低风险,0.0
826,低风险,10.0
849,低风险,20.0
3518,低风险,20.0
7407,低风险,10.0
2165,低风险,20.0
3788,低风险,10.0
138,低风险,35.0
7886,低风险,20.0
8574,低风险,28.0
9224,低风险,35.0
7255,低风险,28.0
10416,低风险,0.0
5663,低风险,0.0
242,低风险,0.0
840,低风险,0.0
3237,低风险,28.0
3556,低风险,28.0
7279,低风险,18.0
391,低风险,0.0
9601,低风险,0.0
10695,低风险,35.0
8016,低风险,35.0
6584,低风险,20.0
1647,低风险,18.0
9939,低风险,0.0
9598,低风险,10.0
5344,低风险,35.0
3134,低风险,35.0
5546,低风险,0.0
131,低风险,0.0
4047,低风险,35.0
3230,低风险,18.0
1692,低风险,35.0
6085,低风险,35.0
7878,低风险,35.0
2111,低风险,0.0
10671,低风险,0.0
10449,低风险,10.0
5970,低风险,0.0
130,低风险,28.0
1398,低风险,10.0
135,低风险,35.0
5276,低风险,28.0
8232,低风险,0.0
6705,低风险,35.0
5323,低风险,28.0
10638,低风险,10.0
827,低风险,10.0
20,低风险,28.0
6857,低风险,28.0
6390,低风险,0.0
9321,低风险,35.0
8295,低风险,35.0
4392,低风险,28.0
5653,低风险,0.0
3128,低风险,28.0
9855,低风险,10.0
2012,低风险,35.0
9864,低风险,0.0
7916,低风险,35.0
10789,低风险,0.0
5792,低风险,28.0
2110,低风险,18.0
822,低风险,28.0
8086,低风险,0.0
8890,低风险,35.0
10532,低风险,0.0
4570,低风险,20.0
973,低风险,20.0
626,低风险,10.0
814,低风险,0.0
5650,低风险,28.0
1651,低风险,20.0
8698,低风险,20.0
240,低风险,35.0
2432,低风险,35.0
2162,低风险,28.0
2358,低风险,28.0
256,低风险,20.0
10183,低风险,28.0
9624,低风险,18.0
6699,低风险,10.0
2299,低风险,20.0
8514,低风险,10.0
5341,低风险,28.0
4621,低风险,35.0
7225,低风险,35.0
9806,低风险,0.0
120,低风险,35.0
8066,低风险,0.0
7010,低风险,20.0
2015,低风险,35.0
2967,低风险,10.0
4296,低风险,10.0
2362,低风险,20.0
1855,低风险,0.0
9295,低风险,35.0
7707,低风险,28.0
8589,低风险,35.0
7156,低风险,35.0
7221,低风险,10.0
9077,低风险,28.0
1722,低风险,28.0
8044,低风险,35.0
10708,低风险,10.0
10680,低风险,10.0
8057,低风险,35.0
9203,低风险,35.0
2292,低风险,35.0
10705,低风险,28.0
10360,低风险,0.0
9605,低风险,35.0
853,低风险,28.0
7264,低风险,35.0
8761,低风险,35.0
10921,低风险,20.0
2365,低风险,35.0
4423,低风险,0.0
233,低风险,35.0
6030,低风险,35.0
9061,低风险,35.0
2428,低风险,28.0
4393,低风险,10.0
8371,低风险,0.0
635,低风险,35.0
1711,低风险,35.0
2363,低风险,35.0
5484,低风险,35.0
9214,低风险,35.0
4611,低风险,20.0
9608,低风险,35.0
1658,低风险,35.0
6965,低风险,35.0
7152,低风险,35.0
9088,低风险,35.0
2907,低风险,10.0
9602,低风险,35.0
10365,低风险,0.0
10492,低风险,20.0
9908,低风险,28.0
7994,低风险,35.0
8936,低风险,10.0
1338,低风险,0.0
828,低风险,35.0
2041,低风险,28.0
3145,低风险,35.0
8722,低风险,35.0
10415,低风险,35.0
636,低风险,0.0
9683,低风险,35.0
2170,低风险,35.0
5813,低风险,0.0
5550,低风险,28.0
2296,低风险,18.0
845,低风险,35.0
7872,低风险,35.0
4053,低风险,35.0
1652,低风险,0.0
4324,低风险,20.0
271,低风险,35.0
5610,低风险,0.0
6572,低风险,10.0
8284,低风险,35.0
9162,低风险,35.0
9676,低风险,10.0
7406,低风险,0.0
1391,低风险,35.0
388,低风险,35.0
4342,低风险,35.0
5553,低风险,35.0
852,低风险,35.0
3012,低风险,35.0
5544,低风险,35.0
5263,低风险,0.0
7702,低风险,28.0
9868,低风险,28.0
124,低风险,0.0
9938,低风险,20.0
117,低风险,35.0
7398,低风险,35.0
2923,低风险,0.0
6573,低风险,28.0
5201,低风险,35.0
4434,低风险,10.0
6697,低风险,35.0
248,低风险,28.0
811,低风险,35.0
9548,低风险,0.0
1701,低风险,35.0
7634,低风险,35.0
2384,低风险,35.0
7218,低风险,35.0
2411,低风险,28.0
5334,低风险,0.0
8376,低风险,0.0
8349,低风险,28.0
1484,低风险,35.0
2984,低风险,10.0
3678,低风险,35.0
8005,低风险,35.0
10544,低风险,18.0
6717,低风险,28.0
8891,低风险,35.0
9235,低风险,35.0
2,低风险,35.0
8887,低风险,0.0
8054,低风险,35.0
6738,低风险,35.0
9161,低风险,35.0
4056,低风险,35.0
226,低风险,35.0
1237,低风险,35.0
3468,低风险,35.0
2368,低风险,35.0
9955,低风险,8.0
5771,低风险,18.0
125,低风险,18.0
9629,低风险,28.0
9848,低风险,35.0
3004,低风险,35.0
3482,低风险,10.0
8874,低风险,35.0
3151,低风险,35.0
8084,低风险,0.0
2424,低风险,35.0
6723,低风险,0.0
2905,低风险,35.0
9953,低风险,28.0
851,低风险,35.0
9847,低风险,28.0
1607,低风险,0.0
4322,低风险,35.0
2105,低风险,0.0
9860,低风险,28.0
8001,低风险,0.0
5808,低风险,18.0
10651,低风险,18.0
10332,低风险,28.0
3124,低风险,28.0
1861,低风险,35.0
9545,低风险,8.0
9531,低风险,35.0
9047,低风险,35.0
6075,低风险,20.0
848,低风险,35.0
5483,低风险,35.0
3126,低风险,28.0
7410,低风险,35.0
3221,低风险,35.0
4054,低风险,0.0
9832,低风险,0.0
10174,低风险,35.0
1374,低风险,35.0
6995,低风险,10.0
7921,低风险,28.0
7990,低风险,35.0
837,低风险,35.0
9317,低风险,35.0
641,低风险,35.0
5177,低风险,35.0
2129,低风险,28.0
8296,低风险,28.0
8976,低风险,35.0
6583,低风险,28.0
3665,低风险,28.0
2737,低风险,35.0
4034,低风险,35.0
8651,低风险,28.0
3558,低风险,28.0
9844,低风险,10.0
7007,低风险,35.0
4252,低风险,10.0
9209,低风险,28.0
7996,低风险,35.0
8752,低风险,35.0
1871,低风险,28.0
9614,低风险,35.0
10648,低风险,35.0
3398,低风险,0.0
2017,低风险,28.0
9225,低风险,28.0
9834,低风险,35.0
8886,低风险,35.0
8705,低风险,0.0
7629,低风险,60.0
9215,低风险,60.0
241,低风险,35.0
3231,低风险,28.0
9057,低风险,35.0
1478,低风险,28.0
6841,低风险,35.0
7153,低风险,35.0
7155,低风险,35.0
3191,低风险,35.0
10496,低风险,10.0
6035,低风险,35.0
6964,低风险,0.0
6026,低风险,35.0
8456,低风险,10.0
4148,低风险,35.0
9108,低风险,20.0
4327,低风险,35.0
8646,低风险,28.0
820,低风险,10.0
9720,低风险,28.0
10979,低风险,0.0
9103,低风险,35.0
9285,低风险,28.0
108,低风险,28.0
7207,低风险,20.0
4169,低风险,35.0
5607,低风险,28.0
9609,低风险,10.0
1706,低风险,35.0
4632,低风险,35.0
2486,低风险,0.0
5702,低风险,0.0
5329,低风险,35.0
4328,低风险,35.0
8045,低风险,35.0
2915,低风险,20.0
2293,低风险,28.0
10799,低风险,10.0
8565,低风险,35.0
9206,低风险,0.0
10291,低风险,18.0
8289,低风险,28.0
8878,低风险,35.0
9323,低风险,35.0
5960,低风险,0.0
6996,低风险,35.0
4335,低风险,28.0
8329,低风险,35.0
9710,低风险,35.0
1183,低风险,20.0
181,低风险,0.0
290,低风险,35.0
7172,低风险,18.0
854,低风险,28.0
7396,低风险,28.0
6729,低风险,18.0
9867,低风险,28.0
7891,低风险,18.0
10359,低风险,0.0
2481,低风险,10.0
8922,低风险,35.0
2921,低风险,28.0
846,低风险,35.0
980,低风险,10.0
9401,低风险,18.0
2370,低风险,0.0
10425,低风险,35.0
1606,低风险,35.0
9600,低风险,28.0
8515,低风险,35.0
8918,低风险,35.0
6598,低风险,35.0
835,低风险,35.0
3488,低风险,28.0
10703,低风险,35.0
8883,低风险,35.0
10641,低风险,35.0
1625,低风险,35.0
7685,低风险,35.0
9089,低风险,28.0
2483,低风险,0.0
2414,低风险,0.0
2143,低风险,35.0
5473,低风险,35.0
1581,低风险,35.0
3142,低风险,35.0
10324,低风险,0.0
7766,低风险,0.0
2005,低风险,10.0
3149,低风险,35.0
7690,低风险,35.0
6587,低风险,20.0
2106,低风险,28.0
6746,低风险,35.0
6079,低风险,35.0
10540,低风险,0.0
2892,低风险,0.0
607,低风险,20.0
4377,低风险,35.0
2888,低风险,18.0
7999,低风险,28.0
9736,低风险,0.0
400,低风险,18.0
614,低风险,35.0
6601,低风险,35.0
1853,低风险,20.0
7403,低风险,35.0
3535,低风险,28.0
8446,低风险,20.0
3144,低风险,28.0
7631,低风险,0.0
5811,低风险,28.0
264,低风险,0.0
6067,低风险,35.0
7012,低风险,35.0
4309,低风险,18.0
9730,低风险,35.0
7917,低风险,0.0
6599,低风险,35.0
2914,低风险,35.0
4055,低风险,28.0
1595,低风险,35.0
7416,低风险,35.0
3770,低风险,35.0
9882,低风险,8.0
3878,低风险,0.0
9046,低风险,0.0
7159,低风险,35.0
4302,低风险,0.0
6031,低风险,28.0
3459,低风险,28.0
7397,低风险,35.0
4048,低风险,35.0
7252,低风险,35.0
9227,低风险,20.0
5343,低风险,35.0
3011,低风险,35.0
252,低风险,28.0
6715,低风险,35.0
8748,低风险,35.0
985,低风险,35.0
992,低风险,35.0
8584,低风险,35.0
8721,低风险,0.0
2750,低风险,35.0
10794,低风险,20.0
5814,低风险,35.0
2420,低风险,18.0
268,低风险,28.0
1857,低风险,35.0
9204,低风险,35.0
4308,低风险,35.0
3486,低风险,10.0
7119,低风险,28.0
855,低风险,35.0
4323,低风险,35.0
7694,低风险,35.0
1584,低风险,0.0
2155,低风险,35.0
8765,低风险,20.0
7268,低风险,28.0
9172,低风险,28.0
1598,低风险,28.0
9532,低风险,35.0
2275,低风险,0.0
1518,低风险,35.0
1698,低风险,35.0
3141,低风险,35.0
3123,低风险,35.0
815,低风险,35.0
9092,低风险,35.0
4320,低风险,35.0
829,低风险,35.0
7160,低风险,28.0
3533,低风险,35.0
1381,低风险,0.0
9282,低风险,35.0
2158,低风险,0.0
6979,低风险,8.0
10646,低风险,28.0
8288,低风险,35.0
3467,低风险,28.0
9296,低风险,20.0
8570,低风险,28.0
6306,低风险,0.0
1528,低风险,18.0
2408,低风险,35.0
10455,低风险,35.0
3460,低风险,35.0
100,低风险,35.0
1695,低风险,35.0
7368,低风险,10.0
2399,低风险,28.0
137,低风险,35.0
9222,低风险,8.0
11031,低风险,35.0
5574,低风险,35.0
2423,低风险,35.0
7691,低风险,35.0
5987,低风险,18.0
2100,低风险,35.0
4150,低风险,20.0
2116,低风险,20.0
9677,低风险,0.0
7115,低风险,0.0
7888,低风险,35.0
9850,低风险,35.0
7413,低风险,28.0
6971,低风险,0.0
9942,低风险,18.0
5183,低风险,28.0
686,低风险,20.0
2018,低风险,35.0
4298,低风险,8.0
2034,低风险,35.0
8229,低风险,10.0
9093,低风险,35.0
10864,低风险,35.0
9311,低风险,0.0
9309,低风险,35.0
10653,低风险,0.0
8997,低风险,35.0
2960,低风险,10.0
9299,低风险,28.0
7277,低风险,35.0
136,低风险,35.0
8696,低风险,35.0
10452,低风险,28.0
5560,低风险,28.0
843,低风险,35.0
3559,低风险,35.0
2163,低风险,35.0
4384,低风险,35.0
6230,低风险,35.0
9293,低风险,10.0
101,低风险,35.0
4186,低风险,35.0
251,低风险,35.0
3464,低风险,35.0
236,低风险,35.0
6603,低风险,28.0
8351,低风险,28.0
10421,低风险,0.0
9691,低风险,20.0
5563,低风险,35.0
4329,低风险,35.0
3553,低风险,35.0
5478,低风险,18.0
8877,低风险,28.0
1851,低风险,35.0
8880,低风险,35.0
8281,低风险,10.0
8297,低风险,20.0
2430,低风险,0.0
3544,低风险,35.0
2406,低风险,28.0
8756,低风险,35.0
8000,低风险,35.0
5690,低风险,18.0
10677,低风险,18.0
5165,低风险,28.0
7689,低风险,10.0
2372,低风险,35.0
4319,低风险,28.0
6991,低风险,35.0
11027,低风险,35.0
2922,低风险,20.0
10858,低风险,18.0
9678,低风险,35.0
90,低风险,0.0
3513,低风险,0.0
9533,低风险,35.0
3294,低风险,35.0
9083,低风险,35.0
991,低风险,35.0
9959,低风险,0.0
1866,低风险,35.0
8534,低风险,20.0
3232,低风险,28.0
10673,低风险,28.0
5804,低风险,35.0
1715,低风险,35.0
974,低风险,0.0
4389,低风险,28.0
6245,低风险,35.0
286,低风险,28.0
275,低风险,20.0
263,低风险,35.0
6978,低风险,35.0
6837,低风险,18.0
1603,低风险,10.0
1605,低风险,28.0
8019,低风险,0.0
2048,低风险,18.0
273,低风险,35.0
230,低风险,35.0
4305,低风险,35.0
6736,低风险,35.0
2167,低风险,20.0
9654,低风险,28.0
3456,低风险,28.0
289,低风险,0.0
8876,低风险,35.0
10541,低风险,18.0
6579,低风险,0.0
3192,低风险,0.0
3656,低风险,35.0
1710,低风险,35.0
8332,低风险,35.0
8090,低风险,18.0
7220,低风险,0.0
10866,低风险,35.0
3473,低风险,35.0
7381,低风险,28.0
6045,低风险,28.0
2042,低风险,28.0
2359,低风险,28.0
4184,低风险,35.0
9712,低风险,0.0
1593,低风险,35.0
2919,低风险,35.0
9405,低风险,18.0
9597,低风险,35.0
2736,低风险,35.0
1238,低风险,28.0
9899,低风险,35.0
8324,低风险,8.0
2367,低风险,10.0
3227,低风险,0.0
4262,低风险,18.0
3515,低风险,35.0
5339,低风险,35.0
4149,低风险,28.0
3224,低风险,0.0
9097,低风险,0.0
2056,低风险,35.0
5651,低风险,18.0
9071,低风险,35.0
2020,低风险,10.0
7198,低风险,10.0
2108,低风险,35.0
5797,低风险,35.0
8292,低风险,35.0
5764,低风险,0.0
8011,低风险,0.0
4648,低风险,0.0
7260,低风险,35.0
4044,低风险,0.0
2049,低风险,20.0
9043,低风险,35.0
9073,低风险,35.0
1700,低风险,10.0
10714,低风险,35.0
7769,低风险,28.0
5207,低风险,20.0
118,低风险,0.0
696,低风险,18.0
8923,低风险,20.0
4045,低风险,35.0
7117,低风险,0.0
10489,低风险,35.0
5700,低风险,0.0
2148,低风险,35.0
8978,低风险,28.0
8322,低风险,18.0
6301,低风险,35.0
4297,低风险,20.0
10685,低风险,20.0
7920,低风险,28.0
4435,低风险,28.0
1341,低风险,35.0
5214,低风险,10.0
1626,低风险,35.0
6313,低风险,35.0
7150,低风险,0.0
6577,低风险,35.0
8323,低风险,0.0
4622,低风险,0.0
9546,低风险,35.0
2402,低风险,35.0
3667,低风险,20.0
4565,低风险,35.0
6856,低风险,28.0
1812,低风险,18.0
2898,低风险,35.0
1852,低风险,0.0
6392,低风险,35.0
3127,低风险,35.0
2725,低风险,28.0
2482,低风险,35.0
9835,低风险,18.0
6852,低风险,35.0
7269,低风险,0.0
9692,低风险,35.0
10690,低风险,10.0
1407,低风险,35.0
1,低风险,28.0
4303,低风险,20.0
6308,低风险,35.0
8338,低风险,10.0
7989,低风险,35.0
7991,低风险,35.0
10446,低风险,35.0
9207,低风险,20.0
8303,低风险,10.0
1821,低风险,18.0
176,低风险,35.0
9074,低风险,10.0
6238,低风险,0.0
2980,低风险,35.0
2046,低风险,28.0
6741,低风险,28.0
5658,低风险,35.0
6073,低风险,35.0
1671,低风险,0.0
7266,低风险,20.0
1872,低风险,35.0
1353,低风险,18.0
2131,低风险,0.0
10287,低风险,20.0
224,低风险,20.0
4487,低风险,20.0
7021,低风险,20.0
7632,低风险,18.0
5194,低风险,20.0
9111,低风险,8.0
7409,低风险,35.0
2409,低风险,28.0
11026,低风险,35.0
4190,低风险,35.0
10798,低风险,35.0
6307,低风险,35.0
6040,低风险,35.0
7882,低风险,28.0
8454,低风险,0.0
4618,低风险,0.0
7982,低风险,28.0
3147,低风险,20.0
8567,低风险,0.0
2153,低风险,0.0
2896,低风险,35.0
5773,低风险,0.0
6849,低风险,35.0
3392,低风险,35.0
2361,低风险,35.0
8885,低风险,35.0
1859,低风险,20.0
10654,低风险,35.0
3879,低风险,10.0
836,低风险,35.0
7161,低风险,0.0
9595,低风险,28.0
6299,低风险,0.0
10530,低风险,20.0
3136,低风险,0.0
186,低风险,18.0
9596,低风险,28.0
3786,低风险,0.0
1243,低风险,0.0
7005,低风险,0.0
9910,低风险,35.0
1604,低风险,35.0
3189,低风险,18.0
9315,低风险,35.0
7695,低风险,0.0
2356,低风险,35.0
4641,低风险,28.0
10179,低风险,35.0
2011,低风险,0.0
4627,低风险,35.0
200,低风险,0.0
9054,低风险,35.0
9885,低风险,35.0
1362,低风险,20.0
5694,低风险,35.0
3212,低风险,35.0
4173,低风险,10.0
8301,低风险,28.0
7206,高风险,40.0
10859,低风险,35.0
1339,低风险,0.0
5184,低风险,35.0
5704,低风险,10.0
10057,低风险,35.0
1360,低风险,0.0
119,低风险,18.0
6592,低风险,35.0
9907,低风险,35.0
5777,低风险,28.0
857,低风险,35.0
7165,低风险,35.0
4311,低风险,35.0
3527,低风险,35.0
9856,低风险,35.0
7110,低风险,0.0
4502,低风险,10.0
2157,低风险,35.0
5166,低风险,0.0
8992,低风险,28.0
7980,低风险,35.0
7179,低风险,35.0
1858,低风险,35.0
11017,低风险,35.0
5609,低风险,0.0
8929,低风险,35.0
9606,低风险,20.0
4178,低风险,0.0
8382,低风险,0.0
4491,低风险,35.0
8944,低风险,0.0
7880,低风险,0.0
10783,低风险,35.0
2171,低风险,35.0
9862,低风险,0.0
1816,低风险,20.0
9289,低风险,35.0
2890,低风险,10.0
249,低风险,0.0
3487,低风险,0.0
3233,低风险,20.0
9320,低风险,35.0
8235,低风险,18.0
7885,低风险,28.0
5790,低风险,28.0
1608,低风险,0.0
6839,低风险,28.0
4147,低风险,20.0
5796,低风险,35.0
132,低风险,28.0
3540,低风险,0.0
3234,低风险,0.0
2440,低风险,0.0
7013,低风险,20.0
5198,低风险,0.0
856,低风险,28.0
10519,低风险,0.0
5980,低风险,20.0
6597,低风险,10.0
9075,低风险,28.0
8889,低风险,35.0
4250,低风险,0.0
6961,低风险,0.0
1481,低风险,10.0
1577,低风险,28.0
7108,低风险,0.0
4613,低风险,10.0
7105,低风险,10.0
4295,低风险,10.0
3792,低风险,0.0
250,低风险,28.0
7898,低风险,28.0
2891,低风险,28.0
1811,低风险,0.0
9168,低风险,28.0
3455,低风险,28.0
10716,低风险,0.0
6726,低风险,20.0
5667,低风险,0.0
13,低风险,10.0
1862,低风险,10.0
5271,低风险,20.0
8657,低风险,0.0
10674,低风险,35.0
6068,低风险,0.0
9711,低风险,20.0
8052,低风险,35.0
9101,低风险,35.0
1380,低风险,0.0
2159,低风险,20.0
3554,低风险,20.0
2052,低风险,10.0
5809,低风险,0.0
3661,低风险,0.0
7753,低风险,0.0
693,低风险,20.0
627,低风险,0.0
10284,低风险,20.0
1195,低风险,0.0
2489,低风险,10.0
9820,低风险,0.0
11030,低风险,0.0
4299,低风险,0.0
88,低风险,28.0
1366,低风险,20.0
2150,低风险,28.0
1627,低风险,0.0
7425,低风险,40.0
9291,低风险,40.0
6590,低风险,0.0
9900,低风险,28.0
10639,低风险,35.0
1363,低风险,0.0
3662,低风险,0.0
8062,低风险,0.0
9675,低风险,28.0
2383,低风险,0.0
5972,低风险,0.0
9719,低风险,10.0
6028,低风险,28.0
10528,低风险,0.0
9211,低风险,10.0
8061,低风险,28.0
1349,低风险,28.0
116,低风险,20.0
390,低风险,10.0
8225,低风险,0.0
1702,低风险,35.0
9879,低风险,0.0
4425,低风险,0.0
5476,低风险,0.0
11037,低风险,0.0
606,低风险,0.0
619,低风险,0.0
10676,低风险,28.0
2729,低风险,28.0
10867,低风险,0.0
1196,低风险,0.0
2733,低风险,0.0
7635,低风险,35.0
10643,低风险,35.0
2436,低风险,28.0
4558,低风险,0.0
3590,低风险,0.0
981,低风险,20.0
1823,低风险,28.0
3007,低风险,0.0
10791,低风险,0.0
1357,低风险,20.0
1185,低风险,20.0
1665,低风险,0.0
8381,低风险,18.0
5776,低风险,0.0
3296,低风险,0.0
5647,低风险,28.0
5986,低风险,10.0
9821,低风险,35.0
178,低风险,35.0
1245,低风险,0.0
5996,低风险,0.0
7755,低风险,28.0
5213,低风险,28.0
1382,低风险,10.0
1486,低风险,0.0
10290,低风险,10.0
7166,低风险,28.0
9933,低风险,10.0
6595,低风险,0.0
4562,低风险,28.0
3877,低风险,25.0
8879,低风险,35.0
1661,低风险,28.0
9662,低风险,10.0
4269,低风险,10.0
1650,低风险,10.0
824,低风险,28.0
1392,低风险,28.0
8706,低风险,0.0
4633,低风险,28.0
1848,低风险,28.0
9076,低风险,35.0
85,低风险,35.0
1864,低风险,35.0
8693,低风险,0.0
9723,低风险,35.0
9892,低风险,28.0
2350,低风险,35.0
8009,低风险,35.0
6722,低风险,0.0
9094,低风险,28.0
5268,低风险,28.0
6990,低风险,35.0
3394,低风险,35.0
825,低风险,28.0
7212,低风险,28.0
4188,低风险,35.0
638,低风险,18.0
7752,低风险,0.0
238,低风险,0.0
7401,低风险,18.0
6310,低风险,28.0
9098,低风险,28.0
9292,低风险,35.0
1406,低风险,35.0
7852,低风险,35.0
6740,低风险,28.0
3293,低风险,18.0
10289,低风险,28.0
10786,低风险,20.0
2145,低风险,20.0
11029,低风险,0.0
6043,低风险,10.0
9838,低风险,28.0
2348,低风险,28.0
229,低风险,0.0
8348,低风险,0.0
1493,低风险,0.0
4574,低风险,28.0
3138,低风险,28.0
10800,低风险,28.0
3799,低风险,18.0
4388,低风险,0.0
9713,低风险,0.0
9237,低风险,18.0
3226,低风险,18.0
1198,低风险,0.0
611,低风险,28.0
9831,低风险,35.0
812,低风险,35.0
3210,低风险,0.0
2745,低风险,0.0
3389,低风险,20.0
5333,低风险,35.0
2982,低风险,35.0
8350,低风险,18.0
6989,低风险,18.0
5815,低风险,35.0
10984,低风险,0.0
3218,低风险,35.0
7875,低风险,18.0
2127,低风险,18.0
8453,低风险,0.0
8524,低风险,28.0
10550,低风险,20.0
3207,低风险,35.0
8448,低风险,10.0
3458,低风险,28.0
4559,低风险,28.0
6578,低风险,28.0
4488,低风险,28.0
7374,低风险,28.0
7418,低风险,10.0
6029,低风险,18.0
11024,低风险,18.0
5222,低风险,10.0
5963,低风险,28.0
6044,低风险,35.0
94,低风险,0.0
3675,低风险,18.0
3148,低风险,35.0
9051,低风险,35.0
2047,低风险,35.0
9091,低风险,10.0
1666,低风险,35.0
2019,低风险,35.0
10691,低风险,35.0
6580,低风险,35.0
8747,低风险,0.0
10537,低风险,20.0
7419,低风险,20.0
3660,低风险,0.0
4609,低风险,35.0
4137,低风险,28.0
858,低风险,18.0
102,低风险,0.0
5981,低风险,20.0
2731,低风险,8.0
6080,低风险,35.0
629,低风险,35.0
3223,低风险,10.0
4332,低风险,0.0
2429,低风险,0.0
3790,低风险,10.0
3006,低风险,20.0
7154,低风险,35.0
5190,低风险,28.0
2376,低风险,35.0
813,低风险,35.0
10792,低风险,20.0
8287,低风险,0.0
2135,低风险,0.0
7006,低风险,35.0
3295,低风险,28.0
6737,低风险,0.0
6744,低风险,10.0
10448,低风险,35.0
6389,低风险,10.0
7422,低风险,0.0
2978,低风险,35.0
6388,低风险,10.0
8328,低风险,0.0
5569,低风险,18.0
9,低风险,18.0
1488,低风险,18.0
1387,低风险,28.0
2400,低风险,28.0
8282,低风险,35.0
1654,低风险,0.0
2920,低风险,28.0
10491,低风险,0.0
9549,低风险,10.0
1597,低风险,0.0
7148,低风险,0.0
10493,低风险,0.0
2439,低风险,0.0
1697,低风险,28.0
6087,低风险,20.0
5810,低风险,18.0
1182,低风险,20.0
8576,低风险,28.0
9617,低风险,8.0
2983,低风险,35.0
2022,低风险,0.0
4381,低风险,35.0
1344,低风险,18.0
3517,低风险,18.0
8983,低风险,25.0
2036,低风险,35.0
5225,低风险,0.0
14,低风险,28.0
6716,低风险,18.0
8996,低风险,35.0
2738,低风险,0.0
259,低风险,0.0
6711,低风险,28.0
6240,低风险,20.0
9876,低风险,0.0
6745,低风险,20.0
8299,低风险,10.0
2981,低风险,0.0
6846,低风险,28.0
6318,低风险,35.0
6992,低风险,10.0
810,低风险,35.0
4634,低风险,35.0
1854,低风险,10.0
7107,低风险,35.0
5784,低风险,10.0
1346,低风险,0.0
397,低风险,20.0
3537,低风险,35.0
10697,低风险,35.0
9688,低风险,0.0
9539,低风险,35.0
8334,低风险,35.0
266,低风险,0.0
7686,低风险,35.0
833,低风险,35.0
7201,低风险,35.0
2730,低风险,28.0
7205,低风险,35.0
5552,低风险,35.0
8892,低风险,0.0
9913,低风险,28.0
2404,低风险,35.0
7863,低风险,35.0
4185,低风险,35.0
834,低风险,20.0
5793,低风险,20.0
2138,低风险,0.0
10479,低风险,35.0
3598,低风险,0.0
8770,低风险,35.0
6036,低风险,35.0
7273,低风险,35.0
8569,低风险,35.0
5984,低风险,35.0
8587,低风险,35.0
4645,低风险,28.0
1244,低风险,20.0
697,低风险,0.0
2425,低风险,0.0
6315,低风险,28.0
9663,低风险,28.0
9543,低风险,35.0
6980,低风险,28.0
9176,低风险,28.0
9897,低风险,35.0
7376,低风险,18.0
4615,低风险,35.0
8014,低风险,35.0
9846,低风险,35.0
246,低风险,28.0
2031,低风险,28.0
6701,低风险,35.0
5652,低风险,0.0
4325,低风险,35.0
244,低风险,35.0
639,低风险,0.0
7019,低风险,35.0
5170,低风险,35.0
9110,低风险,28.0
3485,低风险,35.0
7915,低风险,35.0
3534,低风险,0.0
6986,低风险,35.0
2117,低风险,0.0
8060,低风险,35.0
17,低风险,28.0
199,低风险,0.0
2909,低风险,0.0
3672,低风险,35.0
7884,低风险,18.0
3480,低风险,35.0
5187,低风险,35.0
5656,低风险,10.0
4563,低风险,0.0
8384,低风险,0.0
9715,低风险,28.0
4170,低风险,0.0
9594,低风险,35.0
2095,低风险,35.0
1809,低风险,20.0
9840,低风险,35.0
5555,低风险,35.0
4131,低风险,35.0
2266,低风险,0.0
8568,低风险,35.0
1870,低风险,20.0
8871,低风险,35.0
5566,低风险,35.0
10320,低风险,10.0
8286,低风险,35.0
7263,低风险,35.0
9827,低风险,28.0
5275,低风险,10.0
3217,低风险,35.0
1609,低风险,28.0
7704,低风险,35.0
632,低风险,18.0
6602,低风险,28.0
4318,低风险,35.0
10418,低风险,10.0
8285,低风险,28.0
2043,低风险,35.0
9084,低风险,35.0
5549,低风险,35.0
3520,低风险,0.0
5208,低风险,35.0
850,低风险,35.0
291,低风险,10.0
3471,低风险,10.0
1356,低风险,0.0
8582,低风险,18.0
3387,低风险,0.0
2378,低风险,35.0
9205,低风险,28.0
2044,低风险,35.0
6070,低风险,0.0
8007,低风险,0.0
10481,低风险,28.0
1388,低风险,28.0
11033,低风险,20.0
8692,低风险,35.0
9716,低风险,0.0
2885,低风险,0.0
7209,低风险,0.0
7375,低风险,20.0
8894,低风险,28.0
2294,低风险,0.0
10916,低风险,20.0
4141,低风险,20.0
4037,低风险,28.0
8656,低风险,35.0
2008,低风险,35.0
5186,低风险,35.0
6232,低风险,10.0
6977,低风险,28.0
6594,低风险,25.0
7151,低风险,0.0
1714,低风险,35.0
2172,低风险,18.0
10995,低风险,0.0
9082,低风险,35.0
2964,低风险,0.0
3205,低风险,0.0
8336,低风险,35.0
8048,低风险,35.0
6576,低风险,10.0
1179,低风险,10.0
9287,低风险,35.0
1590,低风险,28.0
4140,低风险,28.0
9863,低风险,20.0
10520,低风险,18.0
1623,低风险,0.0
7278,低风险,10.0
3798,低风险,28.0
3874,低风险,35.0
1694,低风险,35.0
1522,低风险,0.0
1483,低风险,28.0
841,低风险,35.0
9858,低风险,18.0
4171,低风险,35.0
9304,低风险,20.0
3481,低风险,0.0
1869,低风险,0.0
8092,低风险,0.0
3779,低风险,35.0
3214,低风险,20.0
9684,低风险,28.0
5266,低风险,0.0
8320,低风险,28.0
9621,低风险,8.0
8536,低风险,10.0
5710,低风险,35.0
3483,低风险,35.0
9807,低风险,35.0
2297,低风险,0.0
1808,低风险,0.0
9056,低风险,35.0
2912,低风险,0.0
9727,低风险,0.0
5538,低风险,20.0
5174,低风险,0.0
4301,低风险,18.0
5557,低风险,35.0
11020,低风险,28.0
2054,低风险,35.0
7379,低风险,35.0
4380,低风险,35.0
8013,低风险,35.0
3531,低风险,0.0
6071,低风险,35.0
1588,低风险,0.0
3521,低风险,35.0
2139,低风险,10.0
232,低风险,20.0
8343,低风险,10.0
6698,低风险,35.0
5600,低风险,0.0
10517,低风险,18.0
8050,低风险,35.0
10364,低风险,35.0
8873,低风险,35.0
3547,低风险,35.0
1616,低风险,35.0
6316,低风险,35.0
6994,低风险,35.0
6999,低风险,35.0
2346,低风险,35.0
3551,低风险,0.0
6743,低风险,35.0
8347,低风险,35.0
9085,低风险,28.0
7692,低风险,35.0
9319,低风险,0.0
105,低风险,35.0
971,低风险,35.0
5537,低风险,28.0
3457,低风险,35.0
8882,低风险,35.0
1586,低风险,35.0
3659,低风险,35.0
5193,低风险,35.0
8975,低风险,35.0
5172,低风险,10.0
4041,低风险,35.0
3775,低风险,0.0
177,低风险,20.0
5326,低风险,35.0
7,低风险,18.0
688,低风险,18.0
8342,低风险,35.0
1860,低风险,35.0
3679,低风险,35.0
4266,低风险,35.0
2035,低风险,35.0
8750,低风险,35.0
4333,低风险,18.0
8704,低风险,35.0
10485,低风险,35.0
3396,低风险,20.0
5973,低风险,35.0
1377,低风险,0.0
5558,低风险,35.0
2961,低风险,10.0
4606,低风险,28.0
9063,低风险,10.0
4166,低风险,0.0
8585,低风险,18.0
7204,低风险,20.0
4604,低风险,35.0
6714,低风险,28.0
9053,低风险,35.0
8002,低风险,35.0
9686,低风险,28.0
8694,低风险,28.0
2121,低风险,35.0
4386,低风险,20.0
9672,低风险,0.0
2295,低风险,28.0
4049,低风险,28.0
9290,低风险,35.0
4172,低风险,28.0
10914,低风险,0.0
2120,低风险,35.0
6713,低风险,28.0
10698,低风险,10.0
5967,低风险,35.0
2416,低风险,0.0
9066,低风险,20.0
7420,低风险,20.0
3204,低风险,0.0
6302,低风险,35.0
8686,低风险,28.0
5261,低风险,35.0
10191,低风险,20.0
237,低风险,35.0
9837,低风险,35.0
6309,低风险,35.0
2126,低风险,0.0
9893,低风险,35.0
6042,低风险,35.0
10060,低风险,10.0
7016,低风险,35.0
10353,低风险,20.0
9294,低风险,0.0
10451,低风险,35.0
6032,低风险,35.0
5567,低风险,35.0
2916,低风险,10.0
9845,低风险,0.0
5782,低风险,35.0
10,低风险,28.0
7881,低风险,35.0
1390,低风险,35.0
1579,低风险,35.0
9231,低风险,10.0
3143,低风险,35.0
6702,低风险,0.0
7000,低风险,35.0
5551,低风险,28.0
1386,低风险,10.0
4630,低风险,10.0
9877,低风险,0.0
3525,低风险,10.0
3606,低风险,18.0
7405,低风险,35.0
6847,低风险,0.0
5338,低风险,28.0
8345,低风险,0.0
9852,低风险,35.0
10325,低风险,28.0
1578,低风险,28.0
10649,低风险,28.0
1613,低风险,10.0
6983,低风险,35.0
9210,低风险,28.0
3550,低风险,28.0
4255,低风险,28.0
4385,低风险,0.0
2028,低风险,35.0
3469,低风险,0.0
7210,低风险,35.0
10699,低风险,35.0
3008,低风险,10.0
3220,低风险,20.0
1618,低风险,28.0
4313,低风险,10.0
8321,低风险,10.0
6843,低风险,35.0
4139,低风险,35.0
2164,低风险,35.0
7009,低风险,28.0
5989,低风险,35.0
8688,低风险,35.0
2968,低风险,0.0
7203,低风险,35.0
110,低风险,28.0
3119,低风险,35.0
10675,低风险,0.0
9301,低风险,0.0
3203,低风险,28.0
9245,低风险,20.0
106,低风险,0.0
9052,低风险,35.0
9718,低风险,28.0
8710,低风险,18.0
4306,低风险,0.0
8063,低风险,35.0
3115,低风险,35.0
7625,低风险,10.0
6845,低风险,0.0
225,低风险,28.0
8925,低风险,20.0
8768,低风险,35.0
7011,低风险,28.0
983,低风险,35.0
7363,低风险,18.0
10655,低风险,28.0
8987,低风险,35.0
9536,低风险,0.0
9681,低风险,0.0
8581,低风险,35.0
9898,低风险,35.0
2380,低风险,35.0
10647,低风险,35.0
3478,低风险,28.0
1703,低风险,35.0
1718,低风险,35.0
8932,低风险,35.0
5265,低风险,10.0
10454,低风险,28.0
4167,低风险,28.0
7703,低风险,20.0
1489,低风险,10.0
4135,低风险,28.0
6981,低风险,28.0
2741,低风险,35.0
7215,低风险,35.0
8571,低风险,35.0
9069,低风险,0.0
280,低风险,35.0
4181,低风险,0.0
265,低风险,28.0
9673,低风险,10.0
10065,低风险,0.0
9722,低风险,10.0
8872,低风险,35.0
2752,低风险,35.0
10482,低风险,35.0
831,低风险,20.0
4326,低风险,28.0
2037,低风险,35.0
7637,低风险,0.0
9946,低风险,35.0
984,低风险,35.0
3140,低风险,35.0
8339,低风险,0.0
9887,低风险,0.0
3150,低风险,35.0
99,低风险,20.0
7889,低风险,28.0
8684,低风险,35.0
9208,低风险,35.0
4636,低风险,35.0
7373,低风险,10.0
5978,低风险,28.0
5332,低风险,35.0
3479,低风险,28.0
5573,低风险,28.0
5572,低风险,18.0
2347,低风险,35.0
10715,低风险,35.0
3470,低风险,35.0
8335,低风险,35.0
3539,低风险,35.0
4035,低风险,35.0
276,低风险,35.0
2149,低风险,35.0
10522,低风险,18.0
698,低风险,35.0
2917,低风险,35.0
2403,低风险,35.0
4336,低风险,20.0
245,低风险,35.0
10692,低风险,0.0
3526,低风险,35.0
2357,低风险,28.0
2366,低风险,35.0
3543,低风险,35.0
4432,低风险,0.0
9058,低风险,28.0
9811,低风险,28.0
4396,低风险,35.0
5769,低风险,0.0
1655,低风险,0.0
3117,低风险,35.0
5788,低风险,45.0
4059,低风险,45.0
7400,低风险,35.0
6724,低风险,35.0
9305,低风险,28.0
6735,低风险,35.0
5709,低风险,0.0
8383,低风险,0.0
243,低风险,0.0
2006,低风险,0.0
3180,低风险,35.0
7757,低风险,8.0
5178,低风险,0.0
817,低风险,20.0
2132,低风险,35.0
3519,低风险,35.0
2053,低风险,0.0
9535,低风险,35.0
10173,低风险,0.0
8047,低风险,35.0
1526,低风险,28.0
8993,低风险,18.0
262,低风险,0.0
1231,低风险,28.0
9826,低风险,18.0
978,低风险,35.0
7362,低风险,0.0
5278,低风险,28.0
2742,低风险,28.0
603,低风险,20.0
988,低风险,20.0
7257,低风险,20.0
7890,低风险,0.0
7415,低风险,35.0
4647,低风险,0.0
255,低风险,20.0
7199,低风险,10.0
8380,低风险,10.0
4036,低风险,28.0
9166,低风险,18.0
2407,低风险,35.0
10709,低风险,35.0
1693,低风险,35.0
7276,低风险,28.0
9810,低风险,10.0
175,低风险,0.0
9945,低风险,0.0
9212,低风险,0.0
3546,低风险,35.0
5322,低风险,35.0
10637,低风险,35.0
1585,低风险,35.0
8586,低风险,35.0
8231,低风险,0.0
4390,低风险,35.0
10358,低风险,10.0
7219,低风险,0.0
5712,低风险,0.0
9542,低风险,35.0
3225,低风险,0.0
5540,低风险,35.0
1410,低风险,0.0
4378,低风险,35.0
4191,低风险,10.0
8690,低风险,28.0
9607,低风险,35.0
8331,低风险,0.0
8447,低风险,28.0
129,低风险,18.0
7254,低风险,10.0
7258,低风险,35.0
10645,低风险,35.0
9932,低风险,10.0
111,低风险,35.0
5340,低风险,35.0
8767,低风险,20.0
4492,低风险,0.0
6037,低风险,10.0
9726,低风险,35.0
5562,低风险,35.0
1719,低风险,10.0
6,低风险,0.0
6312,低风险,35.0
5192,低风险,35.0
3287,低风险,0.0
2743,低风险,35.0
2405,低风险,35.0
10704,低风险,35.0
2974,低风险,18.0
8527,低风险,0.0
1822,低风险,18.0
9050,低风险,35.0
604,低风险,0.0
6076,低风险,0.0
10713,低风险,35.0
3193,低风险,0.0
5971,低风险,28.0
8924,低风险,35.0
6600,低风险,35.0
1364,低风险,0.0
103,低风险,10.0
6842,低风险,0.0
4268,低风险,35.0
7918,低风险,10.0
1361,低风险,35.0
7380,低风险,20.0
2029,低风险,35.0
3771,低风险,35.0
1379,低风险,18.0
3673,低风险,35.0
3135,低风险,35.0
3666,低风险,35.0
2040,低风险,35.0
5565,低风险,35.0
5698,低风险,0.0
8531,低风险,18.0
96,低风险,18.0
7015,低风险,0.0
9853,低风险,35.0
9297,低风险,0.0
6027,低风险,35.0
8562,低风险,35.0
8935,低风险,35.0
9283,低风险,35.0
8884,低风险,20.0
4193,低风险,35.0
4321,低风险,28.0
8754,低风险,35.0
3475,低风险,35.0
1531,低风险,0.0
287,低风险,35.0
5979,低风险,35.0
6855,低风险,35.0
9714,低风险,35.0
9220,低风险,35.0
2146,低风险,35.0
1612,低风险,35.0
4264,低风险,35.0
15,低风险,35.0
2732,低风险,0.0
4626,低风险,28.0
9604,低风险,28.0
7003,低风险,0.0
6707,低风险,0.0
4,低风险,35.0
257,低风险,20.0
6314,低风险,35.0
4253,低风险,0.0
9529,低风险,35.0
8578,低风险,35.0
182,低风险,35.0
4338,低风险,35.0
6081,低风险,35.0
9062,低风险,0.0
7421,低风险,0.0
3462,低风险,0.0
5202,低风险,35.0
194,低风险,0.0
11019,低风险,0.0
816,低风险,35.0
8762,低风险,35.0
6851,低风险,35.0
1193,低风险,0.0
8701,低风险,0.0
5272,低风险,28.0
2166,低风险,28.0
3015,低风险,0.0
1653,低风险,0.0
9905,低风险,35.0
7175,低风险,35.0
5548,低风险,35.0
7164,低风险,10.0
9284,低风险,0.0
9836,低风险,28.0
11022,低风险,35.0
3184,低风险,10.0
972,低风险,28.0
5264,低风险,35.0
8759,低风险,35.0
10994,低风险,35.0
9239,低风险,18.0
8689,低风险,35.0
2133,低风险,35.0
5564,低风险,35.0
9690,低风险,35.0
3222,低风险,35.0
10486,低风险,0.0
8354,低风险,35.0
4490,低风险,0.0
6966,低风险,0.0
3663,低风险,35.0
6993,低风险,0.0
7395,低风险,28.0
4607,低风险,0.0
3677,低风险,0.0
7008,低风险,35.0
278,低风险,10.0
4031,低风险,35.0
10456,低风险,28.0
6244,低风险,0.0
7256,低风险,0.0
7261,低风险,35.0
285,低风险,35.0
7162,低风险,35.0
4144,低风险,28.0
7696,低风险,35.0
7698,低风险,35.0
10444,低风险,35.0
5959,低风险,45.0
9096,低风险,45.0
4033,低风险,0.0
5568,低风险,35.0
1583,低风险,35.0
5273,低风险,0.0
109,低风险,35.0
8344,低风险,35.0
10712,低风险,35.0
993,低风险,0.0
979,低风险,35.0
2911,低风险,28.0
5556,低风险,35.0
10490,低风险,25.0
292,低风险,0.0
234,低风险,10.0
1619,低风险,35.0
5189,低风险,0.0
8749,低风险,0.0
9303,低风险,35.0
9668,低风险,35.0
8888,低风险,35.0
1696,低风险,35.0
2906,低风险,28.0
1589,低风险,35.0
1373,低风险,20.0
10555,低风险,10.0
3139,低风险,35.0
3452,低风险,28.0
7213,低风险,28.0
1378,低风险,35.0
10531,低风险,10.0
2412,低风险,35.0
8053,低风险,8.0
2349,低风险,35.0
1868,低风险,10.0
3463,低风险,35.0
8302,低风险,35.0
6077,低风险,20.0
107,低风险,35.0
10413,低风险,0.0
8926,低风险,35.0
3548,低风险,35.0
9851,低风险,10.0
2382,低风险,28.0
9888,低风险,35.0
3523,低风险,35.0
5197,低风险,0.0
2401,低风险,35.0
2173,低风险,28.0
9724,低风险,0.0
9857,低风险,20.0
4651,低风险,28.0
8563,低风险,28.0
4134,低风险,35.0
1818,低风险,18.0
2373,低风险,28.0
10702,低风险,35.0
1365,低风险,18.0
4133,低风险,35.0
7995,低风险,0.0
7914,低风险,18.0
6311,低风险,35.0
1867,低风险,35.0
8353,低风险,35.0
1355,低风险,0.0
6039,低风险,20.0
6303,低风险,8.0
201,低风险,35.0
4265,低风险,35.0
6696,低风险,35.0
6850,低风险,18.0
6046,低风险,10.0
4628,低风险,35.0
10188,低风险,28.0
7280,低风险,35.0
10329,低风险,0.0
3131,低风险,35.0
4136,低风险,35.0
8564,低风险,35.0
7913,低风险,0.0
7858,低风险,28.0
9823,低风险,28.0
4192,低风险,28.0
274,低风险,10.0
11,低风险,28.0
10672,低风险,35.0
7927,低风险,35.0
10547,低风险,0.0
269,低风险,35.0
7895,低风险,35.0
126,低风险,35.0
4058,低风险,35.0
2101,低风险,28.0
5799,低风险,10.0
1856,低风险,18.0
8766,低风险,20.0
1513,低风险,8.0
7626,低风险,0.0
10678,低风险,28.0
5262,低风险,20.0
16,低风险,35.0
3153,低风险,28.0
277,低风险,10.0
8003,低风险,35.0
5554,低风险,35.0
2443,低风险,18.0
4637,低风险,0.0
9541,低风险,35.0
4642,低风险,0.0
258,低风险,35.0
9163,低风险,35.0
4638,低风险,35.0
8008,低风险,28.0
10184,低风险,28.0
6072,低风险,0.0
4057,低风险,35.0
4165,低风险,35.0
2147,低风险,35.0
2746,低风险,35.0
9880,低风险,18.0
6734,低风险,28.0
260,低风险,20.0
8758,低风险,35.0
5196,低风险,35.0
6848,低风险,0.0
10051,中风险,20.0
8128,中风险,20.0
4151,中风险,20.0
8112,低风险,0.0
8362,中风险,20.0
10406,中风险,20.0
4159,中风险,20.0
7656,中风险,20.0
8113,中风险,20.0
8364,中风险,20.0
2836,中风险,20.0
1574,中风险,20.0
8130,中风险,20.0
10048,中风险,20.0
328,中风险,20.0
4158,中风险,20.0
329,中风险,20.0
8357,中风险,20.0
7665,中风险,20.0
1563,中风险,20.0
66,中风险,20.0
8119,中风险,20.0
1570,中风险,30.0
1740,高风险,50.0
8118,中风险,20.0
10047,中风险,20.0
68,低风险,10.0
4546,中风险,20.0
10041,中风险,20.0
318,低风险,0.0
4538,中风险,20.0
59,中风险,20.0
4549,中风险,20.0
4153,中风险,20.0
8126,中风险,20.0
65,中风险,20.0
325,中风险,20.0
8127,中风险,20.0
320,中风险,20.0
10410,中风险,48.0
7670,低风险,20.0
326,低风险,8.0
54,中风险,20.0
57,低风险,10.0
7662,低风险,0.0
64,中风险,20.0
4157,中风险,20.0
1566,中风险,20.0
10039,中风险,20.0
10040,中风险,20.0
4154,低风险,0.0
8131,低风险,20.0
55,中风险,20.0
63,中风险,45.0
6778,中风险,20.0
947,中风险,20.0
2337,中风险,20.0
2333,中风险,20.0
6896,中风险,20.0
6878,中风险,20.0
6771,中风险,20.0
6879,中风险,20.0
965,中风险,20.0
6882,中风险,20.0
6766,中风险,20.0
6774,中风险,20.0
2329,中风险,20.0
955,中风险,20.0
5850,中风险,20.0
4664,高风险,40.0
3499,中风险,20.0
7141,中风险,20.0
6888,中风险,20.0
5835,中风险,20.0
6876,中风险,20.0
9412,中风险,20.0
6877,中风险,20.0
3493,中风险,20.0
1983,中风险,20.0
3498,中风险,20.0
948,中风险,20.0
5853,中风险,20.0
6866,中风险,20.0
6886,中风险,20.0
6776,中风险,20.0
9414,中风险,20.0
3622,中风险,20.0
5845,中风险,20.0
2332,中风险,20.0
3495,中风险,20.0
5852,中风险,20.0
1982,中风险,20.0
5837,中风险,20.0
2338,中风险,20.0
2330,中风险,20.0
5848,中风险,20.0
6897,中风险,20.0
2328,中风险,20.0
5834,低风险,0.0
3611,中风险,20.0
5843,低风险,0.0
1968,中风险,20.0
960,中风险,20.0
6779,低风险,0.0
959,中风险,20.0
956,中风险,20.0
1980,中风险,20.0
3615,中风险,20.0
1974,中风险,20.0
2343,中风险,20.0
1981,低风险,0.0
6252,中风险,20.0
2550,中风险,20.0
10498,中风险,20.0
412,低风险,10.0
6289,低风险,20.0
2828,中风险,20.0
2809,中风险,20.0
6254,中风险,20.0
10514,中风险,20.0
3306,中风险,20.0
10510,中风险,20.0
666,中风险,20.0
6281,中风险,20.0
2541,中风险,20.0
6249,中风险,20.0
8214,中风险,20.0
2511,中风险,20.0
413,中风险,20.0
2820,中风险,20.0
409,中风险,20.0
2493,中风险,20.0
7951,高风险,40.0
2513,中风险,20.0
2507,中风险,20.0
8217,中风险,20.0
668,中风险,20.0
2819,中风险,20.0
2545,中风险,20.0
2798,低风险,0.0
411,中风险,20.0
10502,中风险,20.0
2822,低风险,0.0
2544,中风险,20.0
2823,中风险,20.0
508,中风险,20.0
2492,中风险,20.0
405,低风险,0.0
10508,低风险,0.0
2503,中风险,20.0
679,低风险,20.0
2829,中风险,20.0
6291,中风险,20.0
3299,中风险,20.0
8216,中风险,20.0
2548,中风险,20.0
496,中风险,20.0
10509,低风险,0.0
511,低风险,0.0
2830,中风险,20.0
2827,中风险,20.0
7432,中风险,20.0
2109,中风险,20.0
7431,中风险,20.0
3285,中风险,20.0
4650,中风险,20.0
2886,中风险,20.0
7700,高风险,40.0
3281,中风险,20.0
2889,中风险,20.0
2897,中风险,20.0
2271,中风险,20.0
3186,中风险,20.0
10137,中风险,20.0
3284,中风险,20.0
2903,中风险,20.0
10136,中风险,20.0
10139,中风险,20.0
10141,中风险,20.0
7443,中风险,20.0
7441,中风险,20.0
4643,中风险,20.0
4428,中风险,20.0
7430,中风险,20.0
2899,中风险,20.0
3188,中风险,20.0
2901,中风险,20.0
7440,中风险,20.0
2112,中风险,20.0
4427,中风险,20.0
7867,低风险,0.0
4646,低风险,0.0
9936,中风险,20.0
3187,中风险,20.0
3289,中风险,20.0
2268,中风险,20.0
7879,低风险,10.0
2883,中风险,20.0
7433,中风险,20.0
2274,中风险,20.0
7437,中风险,20.0
4176,高风险,40.0
7444,中风险,20.0
3196,低风险,0.0
4644,中风险,20.0
7866,中风险,20.0
4429,中风险,20.0
2900,中风险,20.0
9937,中风险,40.0
3282,中风险,20.0
3288,中风险,20.0
3291,低风险,25.0
4433,中风险,20.0
10134,中风险,20.0
10143,中风险,48.0
7869,中风险,55.0
7772,中风险,20.0
2956,中风险,20.0
4957,中风险,20.0
5593,中风险,20.0
3271,中风险,20.0
5117,中风险,20.0
4898,中风险,20.0
4902,中风险,20.0
8604,中风险,20.0
7775,中风险,20.0
3832,高风险,40.0
9924,中风险,20.0
5586,中风险,20.0
3266,中风险,20.0
5576,中风险,20.0
10893,中风险,20.0
4956,中风险,20.0
5120,中风险,20.0
4904,中风险,20.0
159,中风险,20.0
3267,中风险,20.0
160,中风险,20.0
8595,中风险,20.0
5580,中风险,20.0
5113,中风险,20.0
4968,低风险,20.0
3268,中风险,20.0
5577,中风险,20.0
4900,中风险,20.0
4959,中风险,20.0
3269,中风险,20.0
4962,中风险,20.0
8602,中风险,20.0
165,中风险,20.0
5115,中风险,20.0
5592,中风险,20.0
4894,中风险,20.0
7771,中风险,20.0
3277,中风险,20.0
8136,低风险,53.0
168,低风险,53.0
3275,低风险,0.0
10901,中风险,20.0
4859,高风险,40.0
7908,中风险,20.0
9989,中风险,20.0
9640,中风险,20.0
7503,中风险,20.0
8786,中风险,20.0
3412,中风险,20.0
3433,低风险,0.0
10255,中风险,20.0
9985,中风险,20.0
5004,中风险,20.0
9997,中风险,20.0
7502,中风险,20.0
9649,中风险,20.0
3421,中风险,20.0
10243,中风险,20.0
9509,中风险,20.0
4989,中风险,20.0
9507,中风险,20.0
3422,中风险,20.0
3417,中风险,20.0
9648,中风险,20.0
10244,中风险,20.0
9987,中风险,20.0
5260,高风险,40.0
3416,中风险,20.0
3418,中风险,20.0
4955,高风险,40.0
10249,中风险,20.0
7903,低风险,0.0
8787,中风险,20.0
4951,高风险,40.0
9994,中风险,20.0
7495,中风险,20.0
7297,高风险,40.0
7905,中风险,20.0
7512,低风险,0.0
9995,中风险,20.0
5007,低风险,10.0
4991,低风险,0.0
5005,中风险,20.0
4288,高风险,40.0
3424,低风险,0.0
10247,中风险,20.0
4997,中风险,20.0
3427,中风险,20.0
3402,中风险,20.0
9508,中风险,20.0
3408,中风险,20.0
10152,中风险,20.0
762,中风险,20.0
10149,中风险,20.0
10151,中风险,20.0
7518,中风险,20.0
5450,中风险,20.0
2574,中风险,20.0
10004,中风险,20.0
7459,中风险,20.0
888,中风险,20.0
2575,中风险,20.0
758,中风险,20.0
5453,中风险,20.0
7466,低风险,0.0
7469,中风险,20.0
7458,中风险,20.0
10010,中风险,20.0
10018,中风险,20.0
2570,中风险,20.0
10019,中风险,20.0
882,中风险,20.0
2562,中风险,20.0
5446,中风险,20.0
2560,中风险,20.0
3512,中风险,20.0
765,中风险,20.0
883,中风险,20.0
3506,中风险,20.0
2584,中风险,20.0
7456,中风险,20.0
5454,低风险,10.0
3505,中风险,20.0
3692,低风险,0.0
752,中风险,20.0
892,中风险,20.0
2573,中风险,20.0
5456,中风险,20.0
763,中风险,20.0
2568,低风险,0.0
2576,中风险,20.0
7457,中风险,20.0
11051,高风险,40.0
10017,中风险,20.0
10003,低风险,0.0
887,低风险,0.0
886,中风险,20.0
2571,中风险,20.0
1176,中风险,20.0
716,高风险,40.0
1898,中风险,20.0
3813,中风险,20.0
1177,中风险,20.0
6642,中风险,20.0
3810,中风险,20.0
2995,中风险,20.0
2989,中风险,20.0
10442,中风险,20.0
347,中风险,20.0
10024,中风险,20.0
333,中风险,20.0
6646,中风险,20.0
10430,中风险,20.0
8165,中风险,20.0
334,中风险,20.0
10437,中风险,20.0
8444,中风险,20.0
8153,中风险,20.0
10429,中风险,20.0
1175,中风险,20.0
9472,中风险,20.0
9464,中风险,20.0
2996,中风险,20.0
8433,中风险,20.0
9481,中风险,20.0
6662,中风险,20.0
10025,中风险,20.0
343,中风险,20.0
1907,中风险,20.0
1167,中风险,20.0
335,中风险,20.0
6643,中风险,20.0
3811,中风险,20.0
1178,中风险,20.0
6653,中风险,20.0
6645,中风险,20.0
341,低风险,0.0
3804,中风险,20.0
9483,中风险,20.0
8158,低风险,0.0
6658,中风险,20.0
10030,低风险,10.0
345,低风险,10.0
6661,中风险,20.0
6665,中风险,20.0
10436,中风险,20.0
1166,中风险,20.0
8156,中风险,20.0
10431,中风险,20.0
8436,低风险,0.0
1168,中风险,20.0
10439,中风险,20.0
6652,低风险,0.0
10032,低风险,18.0
9459,中风险,20.0
8441,中风险,20.0
1905,中风险,20.0
3812,中风险,38.0
9466,中风险,20.0
3702,中风险,20.0
3715,中风险,20.0
3705,中风险,20.0
3707,中风险,20.0
4372,低风险,0.0
4365,中风险,20.0
5468,中风险,20.0
4345,中风险,20.0
1468,中风险,20.0
6801,中风险,20.0
7839,中风险,20.0
7837,中风险,20.0
6785,中风险,20.0
4374,中风险,20.0
5238,中风险,20.0
3711,中风险,20.0
5460,中风险,20.0
2617,中风险,20.0
5760,中风险,20.0
2607,中风险,20.0
5227,中风险,20.0
5239,中风险,20.0
4359,中风险,20.0
5465,中风险,20.0
6798,中风险,20.0
4376,中风险,20.0
2618,中风险,20.0
7843,中风险,20.0
1464,低风险,0.0
4367,中风险,20.0
5228,中风险,20.0
2609,中风险,20.0
7847,低风险,10.0
7842,中风险,20.0
6802,低风险,0.0
5232,中风险,20.0
1461,中风险,20.0
6786,中风险,20.0
7840,中风险,20.0
5466,中风险,48.0
6787,中风险,20.0
4350,中风险,20.0
4349,中风险,20.0
2620,中风险,20.0
1469,中风险,20.0
5459,中风险,20.0
2608,中风险,30.0
5758,低风险,10.0
1460,低风险,18.0
9626,中风险,20.0
10682,中风险,20.0
10687,中风险,20.0
9407,中风险,20.0
633,中风险,20.0
10686,中风险,20.0
9721,高风险,40.0
10679,中风险,20.0
9630,中风险,20.0
10684,中风险,20.0
10185,中风险,20.0
9397,中风险,20.0
9623,中风险,20.0
5701,中风险,20.0
10868,中风险,20.0
9070,高风险,40.0
9394,中风险,20.0
5697,中风险,20.0
2098,中风险,20.0
10178,中风险,20.0
9622,中风险,20.0
10857,中风险,20.0
5708,中风险,20.0
9396,中风险,20.0
5703,中风险,20.0
10865,低风险,0.0
630,中风险,20.0
5705,中风险,20.0
6394,低风险,0.0
2480,中风险,20.0
2975,中风险,20.0
2090,中风险,20.0
620,中风险,20.0
9408,中风险,20.0
9395,中风险,28.0
10855,中风险,20.0
10186,中风险,20.0
10688,低风险,0.0
10670,中风险,20.0
9399,低风险,0.0
5696,中风险,20.0
9611,低风险,0.0
2973,中风险,20.0
5692,低风险,0.0
1368,低风险,0.0
9306,低风险,10.0
9631,低风险,10.0
9618,低风险,0.0
6395,低风险,8.0
10181,中风险,20.0
10689,中风险,20.0
10683,中风险,20.0
624,中风险,20.0
2096,中风险,20.0
10336,中风险,20.0
9828,中风险,20.0
9829,中风险,20.0
1409,中风险,20.0
1405,中风险,20.0
1413,中风险,20.0
1645,中风险,20.0
9890,中风险,20.0
9160,中风险,20.0
10322,中风险,20.0
616,中风险,20.0
8717,中风险,20.0
10327,中风险,20.0
9169,中风险,20.0
1408,中风险,20.0
612,中风险,20.0
10328,中风险,20.0
1648,中风险,20.0
8711,中风险,20.0
605,中风险,20.0
613,中风险,20.0
10331,中风险,20.0
1649,中风险,20.0
8715,中风险,20.0
10917,中风险,20.0
617,中风险,20.0
10912,中风险,20.0
1383,中风险,20.0
8707,中风险,20.0
7768,中风险,20.0
7759,中风险,20.0
10334,中风险,20.0
1412,中风险,20.0
8720,低风险,20.0
2748,低风险,20.0
7762,中风险,20.0
8725,中风险,20.0
9886,中风险,20.0
9174,中风险,20.0
9819,中风险,20.0
1646,中风险,20.0
1396,中风险,20.0
10920,中风险,20.0
615,中风险,20.0
9159,中风险,20.0
9889,中风险,20.0
1414,低风险,0.0
608,中风险,20.0
7763,中风险,20.0
10321,中风险,20.0
9170,中风险,20.0
7765,中风险,20.0
10915,中风险,20.0
9825,中风险,20.0
8724,中风险,20.0
1656,中风险,20.0
8501,中风险,20.0
4537,中风险,20.0
2079,中风险,20.0
4892,中风险,20.0
4887,中风险,20.0
4528,中风险,20.0
5307,中风险,20.0
9565,中风险,20.0
372,中风险,20.0
4882,中风险,20.0
7391,低风险,0.0
375,中风险,20.0
3089,高风险,40.0
4534,中风险,20.0
750,中风险,20.0
4891,中风险,20.0
7030,中风险,20.0
386,中风险,20.0
8855,中风险,20.0
8506,中风险,20.0
7387,中风险,20.0
747,中风险,20.0
739,中风险,20.0
8820,高风险,40.0
379,中风险,20.0
742,中风险,20.0
378,中风险,20.0
2082,中风险,20.0
2086,中风险,20.0
4530,中风险,20.0
383,中风险,20.0
5316,中风险,20.0
7027,中风险,20.0
9559,中风险,20.0
8868,低风险,0.0
4886,中风险,20.0
748,中风险,20.0
8502,中风险,20.0
374,中风险,20.0
5319,中风险,55.0
5308,中风险,20.0
4531,中风险,20.0
5309,中风险,20.0
8500,低风险,20.0
1555,低风险,20.0
5314,中风险,20.0
7394,中风险,20.0
1820,中风险,20.0
1810,中风险,20.0
8327,中风险,20.0
5219,中风险,20.0
7109,中风险,20.0
5212,中风险,20.0
5215,中风险,20.0
3201,中风险,20.0
8513,中风险,20.0
8529,中风险,20.0
8318,中风险,38.0
399,中风险,20.0
7106,低风险,20.0
1815,中风险,20.0
392,中风险,20.0
398,中风险,20.0
1591,高风险,40.0
4568,中风险,20.0
8518,中风险,20.0
1340,中风险,20.0
1335,中风险,20.0
387,中风险,20.0
8771,高风险,40.0
3209,中风险,20.0
8326,中风险,20.0
1334,中风险,20.0
3887,中风险,20.0
8523,中风险,20.0
7114,中风险,20.0
4561,中风险,20.0
2398,高风险,40.0
8520,中风险,20.0
5211,中风险,20.0
4576,中风险,20.0
4571,低风险,0.0
9816,低风险,0.0
7111,中风险,20.0
8528,中风险,20.0
7118,中风险,20.0
1343,低风险,0.0
8526,中风险,20.0
8521,中风险,20.0
3881,中风险,20.0
3880,中风险,20.0
4379,高风险,40.0
8516,低风险,0.0
3129,低风险,0.0
3213,低风险,0.0
3253,中风险,20.0
7062,中风险,20.0
2636,中风险,20.0
588,中风险,20.0
7679,中风险,20.0
2528,中风险,20.0
8314,中风险,20.0
2601,中风险,20.0
7061,中风险,20.0
3248,中风险,20.0
7683,中风险,20.0
2626,中风险,20.0
4458,中风险,20.0
2530,中风险,20.0
444,中风险,20.0
7060,中风险,20.0
587,中风险,20.0
9013,中风险,20.0
8304,中风险,20.0
3258,中风险,20.0
2529,中风险,20.0
443,中风险,20.0
2625,中风险,20.0
9016,中风险,20.0
4467,中风险,20.0
8306,中风险,20.0
596,中风险,20.0
2598,中风险,20.0
6830,高风险,40.0
217,高风险,40.0
2604,中风险,20.0
7674,低风险,0.0
3259,中风险,20.0
3243,中风险,20.0
9008,中风险,20.0
2597,中风险,20.0
7677,中风险,20.0
442,中风险,20.0
3239,中风险,20.0
4461,中风险,20.0
9015,低风险,0.0
449,低风险,0.0
8305,中风险,20.0
446,中风险,20.0
2635,中风险,20.0
598,中风险,20.0
593,中风险,20.0
2603,中风险,20.0
599,低风险,0.0
2590,中风险,20.0
2633,中风险,20.0
3250,中风险,20.0
4954,高风险,40.0
2531,中风险,20.0
7684,低风险,35.0
8316,中风险,20.0
6639,中风险,20.0
6007,中风险,20.0
6633,中风险,20.0
2877,中风险,20.0
2871,中风险,20.0
6020,中风险,20.0
6024,中风险,20.0
9753,中风险,20.0
8618,中风险,20.0
2881,中风险,20.0
4099,中风险,20.0
8607,中风险,20.0
8609,中风险,20.0
2875,中风险,20.0
2876,中风险,20.0
2282,中风险,20.0
5131,中风险,20.0
8612,中风险,20.0
2870,中风险,20.0
8608,中风险,20.0
6009,中风险,20.0
5130,中风险,20.0
4100,中风险,38.0
9751,中风险,20.0
9741,中风险,20.0
9752,中风险,20.0
2276,中风险,20.0
9748,中风险,20.0
9739,中风险,20.0
8616,低风险,0.0
6011,中风险,20.0
7818,中风险,20.0
6010,中风险,20.0
7825,中风险,20.0
2288,中风险,20.0
2869,中风险,20.0
2479,中风险,20.0
5133,中风险,20.0
9754,中风险,20.0
4096,中风险,20.0
2874,低风险,25.0
2278,低风险,0.0
2873,低风险,0.0
2476,中风险,20.0
7622,中风险,20.0
9950,中风险,20.0
7167,中风险,20.0
9243,中风险,20.0
10356,中风险,20.0
10352,中风险,20.0
3797,中风险,20.0
9236,中风险,20.0
9234,中风险,20.0
10351,中风险,20.0
4300,中风险,20.0
3787,中风险,20.0
9958,中风险,20.0
9957,中风险,20.0
9661,中风险,20.0
7168,中风险,20.0
7163,低风险,0.0
9659,中风险,20.0
18,高风险,40.0
10357,中风险,20.0
4316,中风险,20.0
4315,中风险,20.0
10443,高风险,40.0
10367,中风险,20.0
3794,中风险,20.0
9947,中风险,20.0
7180,中风险,20.0
5604,中风险,20.0
9652,低风险,0.0
5992,中风险,20.0
5597,中风险,20.0
5983,中风险,20.0
4307,中风险,20.0
9943,中风险,20.0
5995,中风险,20.0
9244,中风险,20.0
9949,低风险,10.0
5997,中风险,20.0
10366,中风险,20.0
9664,中风险,20.0
9660,低风险,0.0
4304,中风险,20.0
5602,中风险,20.0
9610,高风险,40.0
5599,中风险,20.0
3800,中风险,20.0
7171,中风险,20.0
9658,中风险,20.0
